{
"meta":{"test_sets":[],"test_metrics":[],"learn_metrics":[{"best_value":"Min","name":"MultiClass"}],"launch_mode":"Train","parameters":"","iteration_count":1000,"learn_sets":["learn"],"name":"experiment"},
"iterations":[
{"learn":[1.372555617],"iteration":0,"passed_time":0.02170551437,"remaining_time":21.68380886},
{"learn":[1.360050278],"iteration":1,"passed_time":0.04159796838,"remaining_time":20.75738622},
{"learn":[1.349850897],"iteration":2,"passed_time":0.05986270152,"remaining_time":19.89437114},
{"learn":[1.338354801],"iteration":3,"passed_time":0.08038159306,"remaining_time":20.01501667},
{"learn":[1.329706235],"iteration":4,"passed_time":0.09920651152,"remaining_time":19.74209579},
{"learn":[1.323105548],"iteration":5,"passed_time":0.1179803449,"remaining_time":19.54541048},
{"learn":[1.316709544],"iteration":6,"passed_time":0.1362478698,"remaining_time":19.32773354},
{"learn":[1.310869124],"iteration":7,"passed_time":0.1549515759,"remaining_time":19.21399542},
{"learn":[1.302710442],"iteration":8,"passed_time":0.174445225,"remaining_time":19.20835755},
{"learn":[1.297652136],"iteration":9,"passed_time":0.1941982994,"remaining_time":19.22563164},
{"learn":[1.288294057],"iteration":10,"passed_time":0.2146883983,"remaining_time":19.30243872},
{"learn":[1.283085745],"iteration":11,"passed_time":0.2330036748,"remaining_time":19.18396922},
{"learn":[1.274568481],"iteration":12,"passed_time":0.2518570525,"remaining_time":19.12176237},
{"learn":[1.270240647],"iteration":13,"passed_time":0.2706847211,"remaining_time":19.06393821},
{"learn":[1.265591576],"iteration":14,"passed_time":0.2883251418,"remaining_time":18.93335098},
{"learn":[1.258364638],"iteration":15,"passed_time":0.3072353131,"remaining_time":18.89497175},
{"learn":[1.249309234],"iteration":16,"passed_time":0.3263719919,"remaining_time":18.87198047},
{"learn":[1.245447468],"iteration":17,"passed_time":0.3459609775,"remaining_time":18.87409333},
{"learn":[1.242191909],"iteration":18,"passed_time":0.3638077384,"remaining_time":18.78396796},
{"learn":[1.234671919],"iteration":19,"passed_time":0.3840007857,"remaining_time":18.8160385},
{"learn":[1.226765272],"iteration":20,"passed_time":0.4032131754,"remaining_time":18.79741422},
{"learn":[1.219247796],"iteration":21,"passed_time":0.423223425,"remaining_time":18.81420498},
{"learn":[1.215782633],"iteration":22,"passed_time":0.4427734926,"remaining_time":18.80824792},
{"learn":[1.210599767],"iteration":23,"passed_time":0.4623326438,"remaining_time":18.80152752},
{"learn":[1.20754796],"iteration":24,"passed_time":0.4808536355,"remaining_time":18.75329179},
{"learn":[1.201984379],"iteration":25,"passed_time":0.4997595567,"remaining_time":18.72176185},
{"learn":[1.197164277],"iteration":26,"passed_time":0.5190062392,"remaining_time":18.70344706},
{"learn":[1.193474152],"iteration":27,"passed_time":0.537261097,"remaining_time":18.65063522},
{"learn":[1.188803296],"iteration":28,"passed_time":0.5559480109,"remaining_time":18.61467305},
{"learn":[1.186265503],"iteration":29,"passed_time":0.5747017603,"remaining_time":18.58202358},
{"learn":[1.180663146],"iteration":30,"passed_time":0.5938350224,"remaining_time":18.56213344},
{"learn":[1.17620025],"iteration":31,"passed_time":0.6146855916,"remaining_time":18.59423915},
{"learn":[1.170963802],"iteration":32,"passed_time":0.6347616767,"remaining_time":18.60044065},
{"learn":[1.167154547],"iteration":33,"passed_time":0.6538144778,"remaining_time":18.5760231},
{"learn":[1.162212619],"iteration":34,"passed_time":0.6731747474,"remaining_time":18.56038946},
{"learn":[1.15768024],"iteration":35,"passed_time":0.69232426,"remaining_time":18.53890518},
{"learn":[1.15508021],"iteration":36,"passed_time":0.7125270577,"remaining_time":18.54496099},
{"learn":[1.153249129],"iteration":37,"passed_time":0.7319340788,"remaining_time":18.52948905},
{"learn":[1.151705248],"iteration":38,"passed_time":0.7510644241,"remaining_time":18.50699773},
{"learn":[1.149669826],"iteration":39,"passed_time":0.7702491046,"remaining_time":18.48597851},
{"learn":[1.145340824],"iteration":40,"passed_time":0.7903843583,"remaining_time":18.48728292},
{"learn":[1.142082253],"iteration":41,"passed_time":0.8093361144,"remaining_time":18.46057137},
{"learn":[1.137649602],"iteration":42,"passed_time":0.8292142346,"remaining_time":18.45483773},
{"learn":[1.135711684],"iteration":43,"passed_time":0.8492768192,"remaining_time":18.45246907},
{"learn":[1.132692898],"iteration":44,"passed_time":0.8691783569,"remaining_time":18.44589624},
{"learn":[1.130618919],"iteration":45,"passed_time":0.8905349846,"remaining_time":18.4689212},
{"learn":[1.127350181],"iteration":46,"passed_time":0.9096302454,"remaining_time":18.44420476},
{"learn":[1.123649736],"iteration":47,"passed_time":0.9286931301,"remaining_time":18.41908041},
{"learn":[1.12222067],"iteration":48,"passed_time":0.9473006664,"remaining_time":18.38536599},
{"learn":[1.118729034],"iteration":49,"passed_time":0.9662304216,"remaining_time":18.35837801},
{"learn":[1.116950145],"iteration":50,"passed_time":0.9868975681,"remaining_time":18.36403514},
{"learn":[1.112489824],"iteration":51,"passed_time":1.006624725,"remaining_time":18.35154306},
{"learn":[1.10949653],"iteration":52,"passed_time":1.025658609,"remaining_time":18.32639061},
{"learn":[1.107026072],"iteration":53,"passed_time":1.046162166,"remaining_time":18.32721129},
{"learn":[1.105491504],"iteration":54,"passed_time":1.065642815,"remaining_time":18.30968109},
{"learn":[1.102105723],"iteration":55,"passed_time":1.086335337,"remaining_time":18.31250997},
{"learn":[1.09932202],"iteration":56,"passed_time":1.105845154,"remaining_time":18.29494701},
{"learn":[1.097694023],"iteration":57,"passed_time":1.125036334,"remaining_time":18.27214184},
{"learn":[1.094970566],"iteration":58,"passed_time":1.144860619,"remaining_time":18.25955666},
{"learn":[1.091864491],"iteration":59,"passed_time":1.164345476,"remaining_time":18.24141246},
{"learn":[1.08850459],"iteration":60,"passed_time":1.185285632,"remaining_time":18.24562637},
{"learn":[1.085868234],"iteration":61,"passed_time":1.207969304,"remaining_time":18.27540657},
{"learn":[1.083647487],"iteration":62,"passed_time":1.228986545,"remaining_time":18.2787364},
{"learn":[1.081151596],"iteration":63,"passed_time":1.249016712,"remaining_time":18.26686942},
{"learn":[1.078751068],"iteration":64,"passed_time":1.269268803,"remaining_time":18.25794356},
{"learn":[1.077948712],"iteration":65,"passed_time":1.289138048,"remaining_time":18.24325662},
{"learn":[1.074670494],"iteration":66,"passed_time":1.308784119,"remaining_time":18.22530721},
{"learn":[1.0733162],"iteration":67,"passed_time":1.326898305,"remaining_time":18.18631207},
{"learn":[1.070662113],"iteration":68,"passed_time":1.346823761,"remaining_time":18.17236118},
{"learn":[1.068569637],"iteration":69,"passed_time":1.365657096,"remaining_time":18.14372999},
{"learn":[1.067310512],"iteration":70,"passed_time":1.384716439,"remaining_time":18.118332},
{"learn":[1.06482443],"iteration":71,"passed_time":1.404335259,"remaining_time":18.10032111},
{"learn":[1.063195522],"iteration":72,"passed_time":1.42323568,"remaining_time":18.0731435},
{"learn":[1.061935743],"iteration":73,"passed_time":1.444752063,"remaining_time":18.07892446},
{"learn":[1.06070883],"iteration":74,"passed_time":1.465174201,"remaining_time":18.07048181},
{"learn":[1.059603356],"iteration":75,"passed_time":1.48470406,"remaining_time":18.05087567},
{"learn":[1.058484261],"iteration":76,"passed_time":1.503782278,"remaining_time":18.0258577},
{"learn":[1.055841159],"iteration":77,"passed_time":1.52264099,"remaining_time":17.99839734},
{"learn":[1.05450105],"iteration":78,"passed_time":1.543775193,"remaining_time":17.99768295},
{"learn":[1.053447738],"iteration":79,"passed_time":1.564159205,"remaining_time":17.98783086},
{"learn":[1.051392296],"iteration":80,"passed_time":1.583237591,"remaining_time":17.9629055},
{"learn":[1.049967704],"iteration":81,"passed_time":1.604179496,"remaining_time":17.95898509},
{"learn":[1.048963088],"iteration":82,"passed_time":1.622892411,"remaining_time":17.9300282},
{"learn":[1.046754565],"iteration":83,"passed_time":1.641944337,"remaining_time":17.90501205},
{"learn":[1.045866254],"iteration":84,"passed_time":1.660094358,"remaining_time":17.8704275},
{"learn":[1.043068563],"iteration":85,"passed_time":1.680158568,"remaining_time":17.85656896},
{"learn":[1.041220041],"iteration":86,"passed_time":1.700263945,"remaining_time":17.84299979},
{"learn":[1.039089239],"iteration":87,"passed_time":1.719542296,"remaining_time":17.82071106},
{"learn":[1.037158729],"iteration":88,"passed_time":1.73910178,"remaining_time":17.80136766},
{"learn":[1.035522053],"iteration":89,"passed_time":1.75911478,"remaining_time":17.786605},
{"learn":[1.033677679],"iteration":90,"passed_time":1.778428048,"remaining_time":17.76473731},
{"learn":[1.03089471],"iteration":91,"passed_time":1.798227957,"remaining_time":17.7477281},
{"learn":[1.028691833],"iteration":92,"passed_time":1.817721815,"remaining_time":17.72767404},
{"learn":[1.026570792],"iteration":93,"passed_time":1.837557517,"remaining_time":17.7109267},
{"learn":[1.024827554],"iteration":94,"passed_time":1.856922828,"remaining_time":17.68963326},
{"learn":[1.023332464],"iteration":95,"passed_time":1.878337541,"remaining_time":17.68767851},
{"learn":[1.022446201],"iteration":96,"passed_time":1.89732234,"remaining_time":17.66270178},
{"learn":[1.0204952],"iteration":97,"passed_time":1.916990703,"remaining_time":17.64413892},
{"learn":[1.018687494],"iteration":98,"passed_time":1.937360131,"remaining_time":17.63193413},
{"learn":[1.016388764],"iteration":99,"passed_time":1.957682475,"remaining_time":17.61914227},
{"learn":[1.01450112],"iteration":100,"passed_time":1.977589596,"remaining_time":17.60250541},
{"learn":[1.012645313],"iteration":101,"passed_time":1.997352087,"remaining_time":17.58453112},
{"learn":[1.010897091],"iteration":102,"passed_time":2.016770025,"remaining_time":17.56352148},
{"learn":[1.010294314],"iteration":103,"passed_time":2.035209931,"remaining_time":17.53411633},
{"learn":[1.008478271],"iteration":104,"passed_time":2.054978089,"remaining_time":17.51624181},
{"learn":[1.006565502],"iteration":105,"passed_time":2.075017507,"remaining_time":17.50061935},
{"learn":[1.004865569],"iteration":106,"passed_time":2.094661244,"remaining_time":17.48161206},
{"learn":[1.003047274],"iteration":107,"passed_time":2.114829957,"remaining_time":17.46692891},
{"learn":[1.001166715],"iteration":108,"passed_time":2.13645426,"remaining_time":17.46404354},
{"learn":[0.9997854858],"iteration":109,"passed_time":2.155909158,"remaining_time":17.44326501},
{"learn":[0.9984343588],"iteration":110,"passed_time":2.175923158,"remaining_time":17.42698818},
{"learn":[0.9975582789],"iteration":111,"passed_time":2.196704267,"remaining_time":17.41672668},
{"learn":[0.9967533377],"iteration":112,"passed_time":2.216101162,"remaining_time":17.39541355},
{"learn":[0.9949799652],"iteration":113,"passed_time":2.235565227,"remaining_time":17.37465606},
{"learn":[0.9934233915],"iteration":114,"passed_time":2.25488312,"remaining_time":17.35279619},
{"learn":[0.9919647044],"iteration":115,"passed_time":2.274666154,"remaining_time":17.33452483},
{"learn":[0.9904369273],"iteration":116,"passed_time":2.294021257,"remaining_time":17.31299803},
{"learn":[0.9896152962],"iteration":117,"passed_time":2.315279256,"remaining_time":17.30573139},
{"learn":[0.9876509096],"iteration":118,"passed_time":2.335062373,"remaining_time":17.28731051},
{"learn":[0.9862328398],"iteration":119,"passed_time":2.355123375,"remaining_time":17.27090475},
{"learn":[0.9845375129],"iteration":120,"passed_time":2.37491245,"remaining_time":17.25246317},
{"learn":[0.9831063102],"iteration":121,"passed_time":2.394602772,"remaining_time":17.23328881},
{"learn":[0.982131426],"iteration":122,"passed_time":2.416333704,"remaining_time":17.22865576},
{"learn":[0.9815342192],"iteration":123,"passed_time":2.435433882,"remaining_time":17.20516194},
{"learn":[0.980037341],"iteration":124,"passed_time":2.455612887,"remaining_time":17.18929021},
{"learn":[0.9786171645],"iteration":125,"passed_time":2.475340002,"remaining_time":17.17021557},
{"learn":[0.9771852416],"iteration":126,"passed_time":2.49548084,"remaining_time":17.15397459},
{"learn":[0.975710705],"iteration":127,"passed_time":2.515387544,"remaining_time":17.13607764},
{"learn":[0.9744768707],"iteration":128,"passed_time":2.534054207,"remaining_time":17.10977686},
{"learn":[0.9730031882],"iteration":129,"passed_time":2.554181252,"remaining_time":17.09336684},
{"learn":[0.9714556982],"iteration":130,"passed_time":2.573865075,"remaining_time":17.07395992},
{"learn":[0.9707020388],"iteration":131,"passed_time":2.593086048,"remaining_time":17.05150522},
{"learn":[0.9690422161],"iteration":132,"passed_time":2.613363223,"remaining_time":17.03598432},
{"learn":[0.9685396449],"iteration":133,"passed_time":2.632742202,"remaining_time":17.01458766},
{"learn":[0.9677864575],"iteration":134,"passed_time":2.65190709,"remaining_time":16.99184913},
{"learn":[0.966661192],"iteration":135,"passed_time":2.671835212,"remaining_time":16.97401193},
{"learn":[0.9649611455],"iteration":136,"passed_time":2.691822169,"remaining_time":16.95651483},
{"learn":[0.9647044822],"iteration":137,"passed_time":2.709854311,"remaining_time":16.92677113},
{"learn":[0.9640939867],"iteration":138,"passed_time":2.7310611,"remaining_time":16.91686048},
{"learn":[0.9628556045],"iteration":139,"passed_time":2.750316325,"remaining_time":16.89480028},
{"learn":[0.9623147906],"iteration":140,"passed_time":2.770173194,"remaining_time":16.8764452},
{"learn":[0.9615062995],"iteration":141,"passed_time":2.792476645,"remaining_time":16.87285184},
{"learn":[0.9610075822],"iteration":142,"passed_time":2.811910917,"remaining_time":16.85180179},
{"learn":[0.9595107417],"iteration":143,"passed_time":2.832232552,"remaining_time":16.83604906},
{"learn":[0.9581570194],"iteration":144,"passed_time":2.852172174,"remaining_time":16.81798075},
{"learn":[0.956945333],"iteration":145,"passed_time":2.872165382,"remaining_time":16.80020025},
{"learn":[0.9556004779],"iteration":146,"passed_time":2.892074545,"remaining_time":16.78190195},
{"learn":[0.954332593],"iteration":147,"passed_time":2.912941989,"remaining_time":16.76909848},
{"learn":[0.9531675058],"iteration":148,"passed_time":2.932178505,"remaining_time":16.74687186},
{"learn":[0.9519253711],"iteration":149,"passed_time":2.951823076,"remaining_time":16.72699743},
{"learn":[0.9507892404],"iteration":150,"passed_time":2.971858076,"remaining_time":16.70932124},
{"learn":[0.9497580339],"iteration":151,"passed_time":2.991004255,"remaining_time":16.68665532},
{"learn":[0.9491325011],"iteration":152,"passed_time":3.011948036,"remaining_time":16.67398684},
{"learn":[0.9481497552],"iteration":153,"passed_time":3.031775446,"remaining_time":16.6550781},
{"learn":[0.946939941],"iteration":154,"passed_time":3.053605298,"remaining_time":16.64707404},
{"learn":[0.9458040009],"iteration":155,"passed_time":3.073690717,"remaining_time":16.6294549},
{"learn":[0.9446138608],"iteration":156,"passed_time":3.093151531,"remaining_time":16.60845058},
{"learn":[0.944148879],"iteration":157,"passed_time":3.111897947,"remaining_time":16.58365868},
{"learn":[0.9436061052],"iteration":158,"passed_time":3.132428297,"remaining_time":16.5683786},
{"learn":[0.9424827994],"iteration":159,"passed_time":3.151754191,"remaining_time":16.5467095},
{"learn":[0.9420092818],"iteration":160,"passed_time":3.171293967,"remaining_time":16.52618409},
{"learn":[0.9407910241],"iteration":161,"passed_time":3.191458263,"remaining_time":16.50890138},
{"learn":[0.9402945986],"iteration":162,"passed_time":3.211127043,"remaining_time":16.48903886},
{"learn":[0.9389707318],"iteration":163,"passed_time":3.230159677,"remaining_time":16.46593591},
{"learn":[0.937866712],"iteration":164,"passed_time":3.249109933,"remaining_time":16.44246542},
{"learn":[0.9368056649],"iteration":165,"passed_time":3.268577247,"remaining_time":16.42164713},
{"learn":[0.9356384986],"iteration":166,"passed_time":3.288504411,"remaining_time":16.40313877},
{"learn":[0.9343163356],"iteration":167,"passed_time":3.307879306,"remaining_time":16.38187847},
{"learn":[0.9334979167],"iteration":168,"passed_time":3.327464416,"remaining_time":16.36167414},
{"learn":[0.9324579867],"iteration":169,"passed_time":3.34733687,"remaining_time":16.34288001},
{"learn":[0.9312447347],"iteration":170,"passed_time":3.367270825,"remaining_time":16.32437143},
{"learn":[0.930898888],"iteration":171,"passed_time":3.386372794,"remaining_time":16.30184113},
{"learn":[0.9299764582],"iteration":172,"passed_time":3.40585836,"remaining_time":16.28118418},
{"learn":[0.9290346125],"iteration":173,"passed_time":3.426301874,"remaining_time":16.26508821},
{"learn":[0.9282854627],"iteration":174,"passed_time":3.444974829,"remaining_time":16.24059562},
{"learn":[0.9274463535],"iteration":175,"passed_time":3.465332132,"remaining_time":16.22405498},
{"learn":[0.9262844047],"iteration":176,"passed_time":3.484759654,"remaining_time":16.20314799},
{"learn":[0.9251827474],"iteration":177,"passed_time":3.504933825,"remaining_time":16.18570564},
{"learn":[0.9247612038],"iteration":178,"passed_time":3.523713534,"remaining_time":16.16183694},
{"learn":[0.9238358544],"iteration":179,"passed_time":3.543174057,"remaining_time":16.14112626},
{"learn":[0.9232982626],"iteration":180,"passed_time":3.564582478,"remaining_time":16.12924337},
{"learn":[0.9228670729],"iteration":181,"passed_time":3.585786017,"remaining_time":16.11633496},
{"learn":[0.9217473962],"iteration":182,"passed_time":3.606275283,"remaining_time":16.10014703},
{"learn":[0.9208968013],"iteration":183,"passed_time":3.626188196,"remaining_time":16.08135635},
{"learn":[0.9204860372],"iteration":184,"passed_time":3.64592877,"remaining_time":16.06179431},
{"learn":[0.9194681842],"iteration":185,"passed_time":3.665873767,"remaining_time":16.04312498},
{"learn":[0.9185015183],"iteration":186,"passed_time":3.685888976,"remaining_time":16.02474726},
{"learn":[0.9181791728],"iteration":187,"passed_time":3.707188893,"remaining_time":16.01190096},
{"learn":[0.917377299],"iteration":188,"passed_time":3.726976552,"remaining_time":15.9924761},
{"learn":[0.9162315084],"iteration":189,"passed_time":3.747176641,"remaining_time":15.97480568},
{"learn":[0.9152465529],"iteration":190,"passed_time":3.76729977,"remaining_time":15.95678279},
{"learn":[0.914266898],"iteration":191,"passed_time":3.787332937,"remaining_time":15.93835944},
{"learn":[0.9131318143],"iteration":192,"passed_time":3.807549943,"remaining_time":15.9206881},
{"learn":[0.9127905409],"iteration":193,"passed_time":3.827971373,"remaining_time":15.90383983},
{"learn":[0.912021305],"iteration":194,"passed_time":3.848254798,"remaining_time":15.88638519},
{"learn":[0.9110484768],"iteration":195,"passed_time":3.867935454,"remaining_time":15.86642911},
{"learn":[0.9099214201],"iteration":196,"passed_time":3.887828866,"remaining_time":15.84734304},
{"learn":[0.9090323523],"iteration":197,"passed_time":3.907752904,"remaining_time":15.82837288},
{"learn":[0.9081138811],"iteration":198,"passed_time":3.927801989,"remaining_time":15.80989645},
{"learn":[0.9071227465],"iteration":199,"passed_time":3.947617232,"remaining_time":15.79046893},
{"learn":[0.9062339109],"iteration":200,"passed_time":3.96747506,"remaining_time":15.77120683},
{"learn":[0.9052874736],"iteration":201,"passed_time":3.9872188,"remaining_time":15.75148813},
{"learn":[0.9043622639],"iteration":202,"passed_time":4.006861413,"remaining_time":15.73137215},
{"learn":[0.9034968064],"iteration":203,"passed_time":4.027049751,"remaining_time":15.71339021},
{"learn":[0.9026643588],"iteration":204,"passed_time":4.047616311,"remaining_time":15.6968535},
{"learn":[0.9017973583],"iteration":205,"passed_time":4.067877069,"remaining_time":15.67909899},
{"learn":[0.9008926831],"iteration":206,"passed_time":4.088628343,"remaining_time":15.6631994},
{"learn":[0.9005285694],"iteration":207,"passed_time":4.10864826,"remaining_time":15.64446837},
{"learn":[0.8998525081],"iteration":208,"passed_time":4.128027155,"remaining_time":15.62329895},
{"learn":[0.8989508774],"iteration":209,"passed_time":4.147713561,"remaining_time":15.6033034},
{"learn":[0.8979002687],"iteration":210,"passed_time":4.167351881,"remaining_time":15.58313097},
{"learn":[0.8970839901],"iteration":211,"passed_time":4.187546512,"remaining_time":15.56503138},
{"learn":[0.8965330036],"iteration":212,"passed_time":4.207641389,"remaining_time":15.54654354},
{"learn":[0.8957246299],"iteration":213,"passed_time":4.227381047,"remaining_time":15.52673599},
{"learn":[0.8947075874],"iteration":214,"passed_time":4.246781401,"remaining_time":15.50569023},
{"learn":[0.8940894474],"iteration":215,"passed_time":4.267574885,"remaining_time":15.48971625},
{"learn":[0.8931503931],"iteration":216,"passed_time":4.287656137,"remaining_time":15.4711279},
{"learn":[0.892450589],"iteration":217,"passed_time":4.306437137,"remaining_time":15.44786166},
{"learn":[0.8916028077],"iteration":218,"passed_time":4.325771198,"remaining_time":15.4266087},
{"learn":[0.8908243363],"iteration":219,"passed_time":4.346000871,"remaining_time":15.40854854},
{"learn":[0.8901290866],"iteration":220,"passed_time":4.365148425,"remaining_time":15.3866544},
{"learn":[0.8895396163],"iteration":221,"passed_time":4.385196551,"remaining_time":15.36794107},
{"learn":[0.8887576112],"iteration":222,"passed_time":4.404619031,"remaining_time":15.34703582},
{"learn":[0.8879799355],"iteration":223,"passed_time":4.425061545,"remaining_time":15.3296775},
{"learn":[0.8873522273],"iteration":224,"passed_time":4.445191466,"remaining_time":15.31121505},
{"learn":[0.8866215949],"iteration":225,"passed_time":4.465509017,"remaining_time":15.29338044},
{"learn":[0.8858896229],"iteration":226,"passed_time":4.487627587,"remaining_time":15.28165694},
{"learn":[0.8848728269],"iteration":227,"passed_time":4.508069226,"remaining_time":15.26416422},
{"learn":[0.88458367],"iteration":228,"passed_time":4.527232031,"remaining_time":15.24234016},
{"learn":[0.8838226038],"iteration":229,"passed_time":4.547306366,"remaining_time":15.22359088},
{"learn":[0.8831580843],"iteration":230,"passed_time":4.567215195,"remaining_time":15.20427916},
{"learn":[0.882360231],"iteration":231,"passed_time":4.586637717,"remaining_time":15.18335244},
{"learn":[0.8817569213],"iteration":232,"passed_time":4.606456293,"remaining_time":15.16374239},
{"learn":[0.8809134125],"iteration":233,"passed_time":4.625428008,"remaining_time":15.14135835},
{"learn":[0.8801721179],"iteration":234,"passed_time":4.645121998,"remaining_time":15.12135459},
{"learn":[0.8792968627],"iteration":235,"passed_time":4.664867863,"remaining_time":15.10152139},
{"learn":[0.8785437385],"iteration":236,"passed_time":4.684565519,"remaining_time":15.08153372},
{"learn":[0.8775706453],"iteration":237,"passed_time":4.705022117,"remaining_time":15.06397837},
{"learn":[0.8768827963],"iteration":238,"passed_time":4.725262374,"remaining_time":15.0457099},
{"learn":[0.8760966374],"iteration":239,"passed_time":4.746162528,"remaining_time":15.02951467},
{"learn":[0.8753917656],"iteration":240,"passed_time":4.766045482,"remaining_time":15.01007685},
{"learn":[0.8745761395],"iteration":241,"passed_time":4.785707178,"remaining_time":14.98994232},
{"learn":[0.8742670694],"iteration":242,"passed_time":4.805060865,"remaining_time":14.96885216},
{"learn":[0.8735306918],"iteration":243,"passed_time":4.825698302,"remaining_time":14.95175375},
{"learn":[0.8729215264],"iteration":244,"passed_time":4.845971102,"remaining_time":14.93350278},
{"learn":[0.8722227578],"iteration":245,"passed_time":4.866060437,"remaining_time":14.91467305},
{"learn":[0.871556079],"iteration":246,"passed_time":4.885295369,"remaining_time":14.89322839},
{"learn":[0.8708703971],"iteration":247,"passed_time":4.905521584,"remaining_time":14.87480739},
{"learn":[0.8702152689],"iteration":248,"passed_time":4.925000816,"remaining_time":14.85411893},
{"learn":[0.8695642499],"iteration":249,"passed_time":4.94494673,"remaining_time":14.83484019},
{"learn":[0.8688226871],"iteration":250,"passed_time":4.965132819,"remaining_time":14.81627284},
{"learn":[0.8680860375],"iteration":251,"passed_time":4.984766223,"remaining_time":14.79605212},
{"learn":[0.8674909838],"iteration":252,"passed_time":5.004618634,"remaining_time":14.77648269},
{"learn":[0.8668176107],"iteration":253,"passed_time":5.025230195,"remaining_time":14.75914065},
{"learn":[0.8663541363],"iteration":254,"passed_time":5.045353324,"remaining_time":14.74034598},
{"learn":[0.8657606441],"iteration":255,"passed_time":5.065011478,"remaining_time":14.72018961},
{"learn":[0.8654856196],"iteration":256,"passed_time":5.085030728,"remaining_time":14.70108105},
{"learn":[0.8651209367],"iteration":257,"passed_time":5.107045294,"remaining_time":14.68770391},
{"learn":[0.8644166518],"iteration":258,"passed_time":5.127382888,"remaining_time":14.66946224},
{"learn":[0.8638549995],"iteration":259,"passed_time":5.146354353,"remaining_time":14.64731624},
{"learn":[0.8633344186],"iteration":260,"passed_time":5.16664357,"remaining_time":14.62892566},
{"learn":[0.8626029789],"iteration":261,"passed_time":5.186519107,"remaining_time":14.60935535},
{"learn":[0.8619576245],"iteration":262,"passed_time":5.206010006,"remaining_time":14.58870485},
{"learn":[0.8612983388],"iteration":263,"passed_time":5.224844133,"remaining_time":14.56623213},
{"learn":[0.860589218],"iteration":264,"passed_time":5.244361325,"remaining_time":14.54568141},
{"learn":[0.859904167],"iteration":265,"passed_time":5.263760846,"remaining_time":14.52481376},
{"learn":[0.8592093221],"iteration":266,"passed_time":5.28382618,"remaining_time":14.50578498},
{"learn":[0.858583487],"iteration":267,"passed_time":5.303265078,"remaining_time":14.48503745},
{"learn":[0.8579771245],"iteration":268,"passed_time":5.323596088,"remaining_time":14.46672394},
{"learn":[0.8573156568],"iteration":269,"passed_time":5.344155189,"remaining_time":14.44901218},
{"learn":[0.8565290572],"iteration":270,"passed_time":5.365345145,"remaining_time":14.43297642},
{"learn":[0.8558540983],"iteration":271,"passed_time":5.385467231,"remaining_time":14.41404465},
{"learn":[0.8551812138],"iteration":272,"passed_time":5.405252849,"remaining_time":14.39420814},
{"learn":[0.8546118275],"iteration":273,"passed_time":5.424396153,"remaining_time":14.3726701},
{"learn":[0.8539733473],"iteration":274,"passed_time":5.443834008,"remaining_time":14.35192602},
{"learn":[0.8534392584],"iteration":275,"passed_time":5.462950395,"remaining_time":14.33034814},
{"learn":[0.8527679112],"iteration":276,"passed_time":5.48252963,"remaining_time":14.30999611},
{"learn":[0.8521910481],"iteration":277,"passed_time":5.502577047,"remaining_time":14.29086557},
{"learn":[0.8516879196],"iteration":278,"passed_time":5.52183748,"remaining_time":14.26969471},
{"learn":[0.8509991468],"iteration":279,"passed_time":5.541901857,"remaining_time":14.25060477},
{"learn":[0.8504593924],"iteration":280,"passed_time":5.56253321,"remaining_time":14.23295864},
{"learn":[0.8499216543],"iteration":281,"passed_time":5.582079819,"remaining_time":14.21252947},
{"learn":[0.8493742409],"iteration":282,"passed_time":5.602214115,"remaining_time":14.19359548},
{"learn":[0.848796589],"iteration":283,"passed_time":5.621711306,"remaining_time":14.17304681},
{"learn":[0.8481090435],"iteration":284,"passed_time":5.641710805,"remaining_time":14.1537657},
{"learn":[0.8475489631],"iteration":285,"passed_time":5.661130493,"remaining_time":14.13303207},
{"learn":[0.8468536107],"iteration":286,"passed_time":5.681319207,"remaining_time":14.1142181},
{"learn":[0.8463572259],"iteration":287,"passed_time":5.70116791,"remaining_time":14.094554},
{"learn":[0.8458618121],"iteration":288,"passed_time":5.720508929,"remaining_time":14.07363961},
{"learn":[0.8453438536],"iteration":289,"passed_time":5.740174667,"remaining_time":14.05353108},
{"learn":[0.8446837961],"iteration":290,"passed_time":5.761748718,"remaining_time":14.03807506},
{"learn":[0.8440835758],"iteration":291,"passed_time":5.785110955,"remaining_time":14.02691286},
{"learn":[0.8434998541],"iteration":292,"passed_time":5.804946615,"remaining_time":14.00715787},
{"learn":[0.8428702382],"iteration":293,"passed_time":5.824192589,"remaining_time":13.98598629},
{"learn":[0.8423372262],"iteration":294,"passed_time":5.844260007,"remaining_time":13.96679087},
{"learn":[0.8417680408],"iteration":295,"passed_time":5.863807992,"remaining_time":13.94635414},
{"learn":[0.8412381179],"iteration":296,"passed_time":5.883265306,"remaining_time":13.92570879},
{"learn":[0.8409322284],"iteration":297,"passed_time":5.904323549,"remaining_time":13.90884272},
{"learn":[0.840386374],"iteration":298,"passed_time":5.924415676,"remaining_time":13.88968358},
{"learn":[0.8398621679],"iteration":299,"passed_time":5.945623924,"remaining_time":13.87312249},
{"learn":[0.8394076706],"iteration":300,"passed_time":5.965738594,"remaining_time":13.85399095},
{"learn":[0.8388904927],"iteration":301,"passed_time":5.986883131,"remaining_time":13.8372332},
{"learn":[0.8383531156],"iteration":302,"passed_time":6.006724417,"remaining_time":13.81744858},
{"learn":[0.8376285008],"iteration":303,"passed_time":6.026003434,"remaining_time":13.79637628},
{"learn":[0.8370827565],"iteration":304,"passed_time":6.046332569,"remaining_time":13.77770864},
{"learn":[0.8365995678],"iteration":305,"passed_time":6.066398654,"remaining_time":13.75843355},
{"learn":[0.835971852],"iteration":306,"passed_time":6.086127227,"remaining_time":13.73839143},
{"learn":[0.8354009506],"iteration":307,"passed_time":6.106125226,"remaining_time":13.71895668},
{"learn":[0.8348422765],"iteration":308,"passed_time":6.126521364,"remaining_time":13.70040862},
{"learn":[0.8342218164],"iteration":309,"passed_time":6.146591949,"remaining_time":13.68112402},
{"learn":[0.8337939811],"iteration":310,"passed_time":6.166382733,"remaining_time":13.66121448},
{"learn":[0.83333188],"iteration":311,"passed_time":6.186868165,"remaining_time":13.64283749},
{"learn":[0.832847511],"iteration":312,"passed_time":6.207220593,"remaining_time":13.6241551},
{"learn":[0.8324466561],"iteration":313,"passed_time":6.230105771,"remaining_time":13.61099541},
{"learn":[0.8319788278],"iteration":314,"passed_time":6.25074425,"remaining_time":13.59288829},
{"learn":[0.8317482746],"iteration":315,"passed_time":6.272128712,"remaining_time":13.57637987},
{"learn":[0.8315385583],"iteration":316,"passed_time":6.291290767,"remaining_time":13.55505235},
{"learn":[0.8310533641],"iteration":317,"passed_time":6.310724164,"remaining_time":13.53432038},
{"learn":[0.830621142],"iteration":318,"passed_time":6.329982055,"remaining_time":13.51322188},
{"learn":[0.8301441359],"iteration":319,"passed_time":6.350538739,"remaining_time":13.49489482},
{"learn":[0.8296995431],"iteration":320,"passed_time":6.371341515,"remaining_time":13.47707442},
{"learn":[0.8292249394],"iteration":321,"passed_time":6.391912742,"remaining_time":13.45874795},
{"learn":[0.8286395914],"iteration":322,"passed_time":6.412672433,"remaining_time":13.44080259},
{"learn":[0.8280099465],"iteration":323,"passed_time":6.433021361,"remaining_time":13.42198284},
{"learn":[0.82749617],"iteration":324,"passed_time":6.452223917,"remaining_time":13.40077275},
{"learn":[0.8269761057],"iteration":325,"passed_time":6.471852737,"remaining_time":13.38045627},
{"learn":[0.8265560405],"iteration":326,"passed_time":6.490467774,"remaining_time":13.35805753},
{"learn":[0.8261037344],"iteration":327,"passed_time":6.509699747,"remaining_time":13.33694582},
{"learn":[0.8259312792],"iteration":328,"passed_time":6.52939332,"remaining_time":13.31678698},
{"learn":[0.8254405764],"iteration":329,"passed_time":6.549095517,"remaining_time":13.29664847},
{"learn":[0.8249981284],"iteration":330,"passed_time":6.568126568,"remaining_time":13.27515611},
{"learn":[0.8248370717],"iteration":331,"passed_time":6.586995696,"remaining_time":13.25335279},
{"learn":[0.8243593637],"iteration":332,"passed_time":6.6066271,"remaining_time":13.23309392},
{"learn":[0.8238474645],"iteration":333,"passed_time":6.627162033,"remaining_time":13.21464046},
{"learn":[0.8233505621],"iteration":334,"passed_time":6.646253502,"remaining_time":13.19330919},
{"learn":[0.8230576958],"iteration":335,"passed_time":6.664777619,"remaining_time":13.17087006},
{"learn":[0.8227397962],"iteration":336,"passed_time":6.68441369,"remaining_time":13.15064177},
{"learn":[0.8222910871],"iteration":337,"passed_time":6.703924047,"remaining_time":13.13017077},
{"learn":[0.8221499888],"iteration":338,"passed_time":6.72360987,"remaining_time":13.11004756},
{"learn":[0.8217577559],"iteration":339,"passed_time":6.743013849,"remaining_time":13.08937982},
{"learn":[0.8215639738],"iteration":340,"passed_time":6.763029349,"remaining_time":13.06990129},
{"learn":[0.8210180609],"iteration":341,"passed_time":6.783658702,"remaining_time":13.05160066},
{"learn":[0.8204867962],"iteration":342,"passed_time":6.804719362,"remaining_time":13.0341126},
{"learn":[0.8199269029],"iteration":343,"passed_time":6.825113749,"remaining_time":13.0153332},
{"learn":[0.8193582389],"iteration":344,"passed_time":6.844827864,"remaining_time":12.9952529},
{"learn":[0.818827472],"iteration":345,"passed_time":6.866534587,"remaining_time":12.9789411},
{"learn":[0.8183891386],"iteration":346,"passed_time":6.886535544,"remaining_time":12.95938821},
{"learn":[0.8178644765],"iteration":347,"passed_time":6.906697632,"remaining_time":12.94013464},
{"learn":[0.8174128763],"iteration":348,"passed_time":6.926421789,"remaining_time":12.92005898},
{"learn":[0.816946687],"iteration":349,"passed_time":6.94582006,"remaining_time":12.89938011},
{"learn":[0.8164647299],"iteration":350,"passed_time":6.965907437,"remaining_time":12.8799827},
{"learn":[0.816010979],"iteration":351,"passed_time":6.985599468,"remaining_time":12.85985357},
{"learn":[0.815579892],"iteration":352,"passed_time":7.005609467,"remaining_time":12.8403097},
{"learn":[0.8151623491],"iteration":353,"passed_time":7.025469837,"remaining_time":12.82049015},
{"learn":[0.814689335],"iteration":354,"passed_time":7.044091124,"remaining_time":12.79841908},
{"learn":[0.8142301594],"iteration":355,"passed_time":7.064583639,"remaining_time":12.77975243},
{"learn":[0.8138085002],"iteration":356,"passed_time":7.084228585,"remaining_time":12.75954896},
{"learn":[0.8133552858],"iteration":357,"passed_time":7.10373311,"remaining_time":12.73909681},
{"learn":[0.8130559986],"iteration":358,"passed_time":7.12285708,"remaining_time":12.71797044},
{"learn":[0.8126039292],"iteration":359,"passed_time":7.142591112,"remaining_time":12.69793975},
{"learn":[0.8122586394],"iteration":360,"passed_time":7.16167433,"remaining_time":12.67675872},
{"learn":[0.8117644665],"iteration":361,"passed_time":7.181303359,"remaining_time":12.65655122},
{"learn":[0.8113649762],"iteration":362,"passed_time":7.200717172,"remaining_time":12.63596925},
{"learn":[0.8109347503],"iteration":363,"passed_time":7.220035899,"remaining_time":12.61522756},
{"learn":[0.8104785258],"iteration":364,"passed_time":7.23953709,"remaining_time":12.5948111},
{"learn":[0.809927742],"iteration":365,"passed_time":7.259119825,"remaining_time":12.5745409},
{"learn":[0.8094924411],"iteration":366,"passed_time":7.279078615,"remaining_time":12.55492306},
{"learn":[0.8091929659],"iteration":367,"passed_time":7.298195126,"remaining_time":12.53385685},
{"learn":[0.8088647571],"iteration":368,"passed_time":7.318070829,"remaining_time":12.51409944},
{"learn":[0.8085949208],"iteration":369,"passed_time":7.33789974,"remaining_time":12.49426172},
{"learn":[0.808227057],"iteration":370,"passed_time":7.357909906,"remaining_time":12.47473135},
{"learn":[0.8080199975],"iteration":371,"passed_time":7.378923397,"remaining_time":12.45689219},
{"learn":[0.8076378373],"iteration":372,"passed_time":7.398326585,"remaining_time":12.43632914},
{"learn":[0.8071856021],"iteration":373,"passed_time":7.419006149,"remaining_time":12.41790869},
{"learn":[0.8066560274],"iteration":374,"passed_time":7.439299158,"remaining_time":12.39883193},
{"learn":[0.8062487779],"iteration":375,"passed_time":7.459617792,"remaining_time":12.37979123},
{"learn":[0.8058260573],"iteration":376,"passed_time":7.478870225,"remaining_time":12.35898183},
{"learn":[0.8053037183],"iteration":377,"passed_time":7.498928518,"remaining_time":12.33950671},
{"learn":[0.8048954161],"iteration":378,"passed_time":7.519408117,"remaining_time":12.32071884},
{"learn":[0.8045293477],"iteration":379,"passed_time":7.538768303,"remaining_time":12.30009565},
{"learn":[0.8040192049],"iteration":380,"passed_time":7.557587929,"remaining_time":12.27860086},
{"learn":[0.8035765901],"iteration":381,"passed_time":7.577277043,"remaining_time":12.25852674},
{"learn":[0.8031417484],"iteration":382,"passed_time":7.597039035,"remaining_time":12.23857202},
{"learn":[0.8029617837],"iteration":383,"passed_time":7.615907288,"remaining_time":12.21718461},
{"learn":[0.8025616616],"iteration":384,"passed_time":7.635542858,"remaining_time":12.19703599},
{"learn":[0.80221144],"iteration":385,"passed_time":7.655684154,"remaining_time":12.17769448},
{"learn":[0.8018648345],"iteration":386,"passed_time":7.675496689,"remaining_time":12.15782809},
{"learn":[0.8014343732],"iteration":387,"passed_time":7.69551798,"remaining_time":12.13829125},
{"learn":[0.8010701494],"iteration":388,"passed_time":7.715495104,"remaining_time":12.11868254},
{"learn":[0.8006179717],"iteration":389,"passed_time":7.73529318,"remaining_time":12.0987919},
{"learn":[0.8001597125],"iteration":390,"passed_time":7.756038954,"remaining_time":12.08037781},
{"learn":[0.7997808908],"iteration":391,"passed_time":7.776171166,"remaining_time":12.06100018},
{"learn":[0.7994472332],"iteration":392,"passed_time":7.796357671,"remaining_time":12.04170256},
{"learn":[0.7990664005],"iteration":393,"passed_time":7.81660597,"remaining_time":12.02249548},
{"learn":[0.7986811559],"iteration":394,"passed_time":7.835296718,"remaining_time":12.0008975},
{"learn":[0.798279603],"iteration":395,"passed_time":7.855470223,"remaining_time":11.98157579},
{"learn":[0.7979635621],"iteration":396,"passed_time":7.876014323,"remaining_time":11.96281269},
{"learn":[0.7975785108],"iteration":397,"passed_time":7.896216371,"remaining_time":11.94352325},
{"learn":[0.7971657999],"iteration":398,"passed_time":7.916391793,"remaining_time":11.92418914},
{"learn":[0.7967719884],"iteration":399,"passed_time":7.935725978,"remaining_time":11.90358897},
{"learn":[0.7961920177],"iteration":400,"passed_time":7.955640725,"remaining_time":11.88386233},
{"learn":[0.7957582589],"iteration":401,"passed_time":7.976687259,"remaining_time":11.86581836},
{"learn":[0.7954133468],"iteration":402,"passed_time":7.997141356,"remaining_time":11.84688186},
{"learn":[0.7949566535],"iteration":403,"passed_time":8.017720875,"remaining_time":11.82812288},
{"learn":[0.7944593437],"iteration":404,"passed_time":8.037394322,"remaining_time":11.80802376},
{"learn":[0.7941197187],"iteration":405,"passed_time":8.058524234,"remaining_time":11.79005762},
{"learn":[0.7937146686],"iteration":406,"passed_time":8.079538642,"remaining_time":11.77190765},
{"learn":[0.7933095455],"iteration":407,"passed_time":8.100086284,"remaining_time":11.75306637},
{"learn":[0.7929775041],"iteration":408,"passed_time":8.120478171,"remaining_time":11.73399169},
{"learn":[0.7925874595],"iteration":409,"passed_time":8.140239913,"remaining_time":11.71400378},
{"learn":[0.7922453396],"iteration":410,"passed_time":8.16093756,"remaining_time":11.69535821},
{"learn":[0.7918885054],"iteration":411,"passed_time":8.181044438,"remaining_time":11.67585954},
{"learn":[0.7914967569],"iteration":412,"passed_time":8.202151057,"remaining_time":11.65777886},
{"learn":[0.7911783682],"iteration":413,"passed_time":8.221415241,"remaining_time":11.63707568},
{"learn":[0.7907041647],"iteration":414,"passed_time":8.241790836,"remaining_time":11.61794612},
{"learn":[0.7902855679],"iteration":415,"passed_time":8.262027093,"remaining_time":11.59861496},
{"learn":[0.7899553627],"iteration":416,"passed_time":8.280862387,"remaining_time":11.57732079},
{"learn":[0.7896600825],"iteration":417,"passed_time":8.300357869,"remaining_time":11.55695761},
{"learn":[0.7892191793],"iteration":418,"passed_time":8.320618419,"remaining_time":11.53765943},
{"learn":[0.7888664768],"iteration":419,"passed_time":8.340879093,"remaining_time":11.51835684},
{"learn":[0.7885060519],"iteration":420,"passed_time":8.36063896,"remaining_time":11.49836094},
{"learn":[0.7881655648],"iteration":421,"passed_time":8.381086682,"remaining_time":11.4793083},
{"learn":[0.7878442783],"iteration":422,"passed_time":8.400410992,"remaining_time":11.45871665},
{"learn":[0.7874679331],"iteration":423,"passed_time":8.419662675,"remaining_time":11.43803231},
{"learn":[0.7870625597],"iteration":424,"passed_time":8.439623506,"remaining_time":11.41831416},
{"learn":[0.7867620426],"iteration":425,"passed_time":8.460303653,"remaining_time":11.39956408},
{"learn":[0.7864240972],"iteration":426,"passed_time":8.480480866,"remaining_time":11.38013006},
{"learn":[0.7860391222],"iteration":427,"passed_time":8.500626621,"remaining_time":11.36065053},
{"learn":[0.7856159363],"iteration":428,"passed_time":8.520935088,"remaining_time":11.34138446},
{"learn":[0.785273782],"iteration":429,"passed_time":8.541187346,"remaining_time":11.32203904},
{"learn":[0.7849251978],"iteration":430,"passed_time":8.561114635,"remaining_time":11.30226039},
{"learn":[0.7846338636],"iteration":431,"passed_time":8.58000018,"remaining_time":11.28111135},
{"learn":[0.7842373877],"iteration":432,"passed_time":8.599831132,"remaining_time":11.26121074},
{"learn":[0.7838252991],"iteration":433,"passed_time":8.619752129,"remaining_time":11.24142789},
{"learn":[0.7834953346],"iteration":434,"passed_time":8.640419817,"remaining_time":11.22261424},
{"learn":[0.7831830668],"iteration":435,"passed_time":8.662986401,"remaining_time":11.20624846},
{"learn":[0.7827749498],"iteration":436,"passed_time":8.684737417,"remaining_time":11.18880358},
{"learn":[0.7825051124],"iteration":437,"passed_time":8.704766251,"remaining_time":11.1691293},
{"learn":[0.782172717],"iteration":438,"passed_time":8.724485574,"remaining_time":11.14905787},
{"learn":[0.7817962241],"iteration":439,"passed_time":8.744296734,"remaining_time":11.12910493},
{"learn":[0.7814373647],"iteration":440,"passed_time":8.763951513,"remaining_time":11.10895441},
{"learn":[0.7811388686],"iteration":441,"passed_time":8.782847726,"remaining_time":11.08784849},
{"learn":[0.7807860299],"iteration":442,"passed_time":8.802312457,"remaining_time":11.06746736},
{"learn":[0.7805771874],"iteration":443,"passed_time":8.82171702,"remaining_time":11.04701501},
{"learn":[0.780229261],"iteration":444,"passed_time":8.841810981,"remaining_time":11.02742718},
{"learn":[0.7800584605],"iteration":445,"passed_time":8.864096139,"remaining_time":11.01055888},
{"learn":[0.7797448875],"iteration":446,"passed_time":8.883706251,"remaining_time":10.99035695},
{"learn":[0.7793513537],"iteration":447,"passed_time":8.903341446,"remaining_time":10.97018857},
{"learn":[0.7790359586],"iteration":448,"passed_time":8.923827878,"remaining_time":10.95106717},
{"learn":[0.7786375372],"iteration":449,"passed_time":8.943206065,"remaining_time":10.93058519},
{"learn":[0.7784625363],"iteration":450,"passed_time":8.961639762,"remaining_time":10.90895838},
{"learn":[0.7781173801],"iteration":451,"passed_time":8.981257415,"remaining_time":10.88878111},
{"learn":[0.7777844554],"iteration":452,"passed_time":9.001085576,"remaining_time":10.86886051},
{"learn":[0.7773806892],"iteration":453,"passed_time":9.021130785,"remaining_time":10.84920134},
{"learn":[0.7771454026],"iteration":454,"passed_time":9.040833732,"remaining_time":10.82913051},
{"learn":[0.7768911771],"iteration":455,"passed_time":9.059386892,"remaining_time":10.80768963},
{"learn":[0.7765542411],"iteration":456,"passed_time":9.07890675,"remaining_time":10.78740999},
{"learn":[0.7761129966],"iteration":457,"passed_time":9.098835872,"remaining_time":10.767618},
{"learn":[0.7757714159],"iteration":458,"passed_time":9.119822196,"remaining_time":10.74907148},
{"learn":[0.7754049219],"iteration":459,"passed_time":9.140273752,"remaining_time":10.72988658},
{"learn":[0.7750120752],"iteration":460,"passed_time":9.159903822,"remaining_time":10.7097357},
{"learn":[0.7747360242],"iteration":461,"passed_time":9.17956731,"remaining_time":10.689626},
{"learn":[0.7744832433],"iteration":462,"passed_time":9.199176755,"remaining_time":10.66945554},
{"learn":[0.7742230184],"iteration":463,"passed_time":9.219035207,"remaining_time":10.64957515},
{"learn":[0.7739595891],"iteration":464,"passed_time":9.238214721,"remaining_time":10.62891371},
{"learn":[0.773548656],"iteration":465,"passed_time":9.258325974,"remaining_time":10.60932633},
{"learn":[0.7734045006],"iteration":466,"passed_time":9.279050914,"remaining_time":10.59043712},
{"learn":[0.7730063802],"iteration":467,"passed_time":9.298832364,"remaining_time":10.57046756},
{"learn":[0.7726490223],"iteration":468,"passed_time":9.318498602,"remaining_time":10.55036835},
{"learn":[0.7724224839],"iteration":469,"passed_time":9.33838764,"remaining_time":10.53052223},
{"learn":[0.7720754871],"iteration":470,"passed_time":9.358417015,"remaining_time":10.51083355},
{"learn":[0.7717023323],"iteration":471,"passed_time":9.37864298,"remaining_time":10.49136333},
{"learn":[0.7714380114],"iteration":472,"passed_time":9.39865198,"remaining_time":10.47164819},
{"learn":[0.7711119017],"iteration":473,"passed_time":9.41825159,"remaining_time":10.4514775},
{"learn":[0.770851842],"iteration":474,"passed_time":9.438768149,"remaining_time":10.43232269},
{"learn":[0.7704950458],"iteration":475,"passed_time":9.459460796,"remaining_time":10.413356},
{"learn":[0.7701705478],"iteration":476,"passed_time":9.47956834,"remaining_time":10.39374055},
{"learn":[0.7698741332],"iteration":477,"passed_time":9.499714136,"remaining_time":10.37416481},
{"learn":[0.7695765939],"iteration":478,"passed_time":9.52024807,"remaining_time":10.35500886},
{"learn":[0.7692643942],"iteration":479,"passed_time":9.540892882,"remaining_time":10.33596729},
{"learn":[0.7689513274],"iteration":480,"passed_time":9.561433816,"remaining_time":10.31680697},
{"learn":[0.7685862024],"iteration":481,"passed_time":9.581102929,"remaining_time":10.29670398},
{"learn":[0.7682772901],"iteration":482,"passed_time":9.600870754,"remaining_time":10.27670845},
{"learn":[0.76793875],"iteration":483,"passed_time":9.622027542,"remaining_time":10.25819465},
{"learn":[0.7676570438],"iteration":484,"passed_time":9.642759732,"remaining_time":10.2392191},
{"learn":[0.7673986577],"iteration":485,"passed_time":9.662366635,"remaining_time":10.21904619},
{"learn":[0.7671047286],"iteration":486,"passed_time":9.681994872,"remaining_time":10.19889809},
{"learn":[0.7667410404],"iteration":487,"passed_time":9.701776281,"remaining_time":10.17891282},
{"learn":[0.7665130782],"iteration":488,"passed_time":9.721239637,"remaining_time":10.15859602},
{"learn":[0.7661993835],"iteration":489,"passed_time":9.742596057,"remaining_time":10.14025304},
{"learn":[0.7659086038],"iteration":490,"passed_time":9.762435384,"remaining_time":10.12032507},
{"learn":[0.7655993421],"iteration":491,"passed_time":9.782465676,"remaining_time":10.10059464},
{"learn":[0.7652665646],"iteration":492,"passed_time":9.801756776,"remaining_time":10.08010281},
{"learn":[0.7650256882],"iteration":493,"passed_time":9.820693907,"remaining_time":10.05925327},
{"learn":[0.7647790209],"iteration":494,"passed_time":9.839383363,"remaining_time":10.03815878},
{"learn":[0.7644818679],"iteration":495,"passed_time":9.859165646,"remaining_time":10.01818445},
{"learn":[0.7642873904],"iteration":496,"passed_time":9.877993731,"remaining_time":9.997245165},
{"learn":[0.7640593468],"iteration":497,"passed_time":9.898243239,"remaining_time":9.977747201},
{"learn":[0.7638012824],"iteration":498,"passed_time":9.917892768,"remaining_time":9.957643841},
{"learn":[0.7634408836],"iteration":499,"passed_time":9.939917127,"remaining_time":9.939917127},
{"learn":[0.7631289183],"iteration":500,"passed_time":9.960821989,"remaining_time":9.921058229},
{"learn":[0.7628383972],"iteration":501,"passed_time":9.98146076,"remaining_time":9.901927208},
{"learn":[0.7625445923],"iteration":502,"passed_time":10.00122992,"remaining_time":9.881930953},
{"learn":[0.7622709846],"iteration":503,"passed_time":10.02084615,"remaining_time":9.861785104},
{"learn":[0.7620207806],"iteration":504,"passed_time":10.04068169,"remaining_time":9.84185631},
{"learn":[0.7617189676],"iteration":505,"passed_time":10.06005133,"remaining_time":9.821473042},
{"learn":[0.7614135075],"iteration":506,"passed_time":10.07991095,"remaining_time":9.801570218},
{"learn":[0.761171759],"iteration":507,"passed_time":10.09957298,"remaining_time":9.781476197},
{"learn":[0.7608854091],"iteration":508,"passed_time":10.12058064,"remaining_time":9.762681916},
{"learn":[0.7605536151],"iteration":509,"passed_time":10.14015321,"remaining_time":9.742500143},
{"learn":[0.7602601962],"iteration":510,"passed_time":10.16093711,"remaining_time":9.723479936},
{"learn":[0.7599481286],"iteration":511,"passed_time":10.1816673,"remaining_time":9.704401646},
{"learn":[0.7597623282],"iteration":512,"passed_time":10.20172026,"remaining_time":9.684674009},
{"learn":[0.7594567922],"iteration":513,"passed_time":10.22298705,"remaining_time":9.666092815},
{"learn":[0.7592393745],"iteration":514,"passed_time":10.24244832,"remaining_time":9.645800849},
{"learn":[0.7589237994],"iteration":515,"passed_time":10.26279388,"remaining_time":9.626341544},
{"learn":[0.7586234953],"iteration":516,"passed_time":10.2833391,"remaining_time":9.607065351},
{"learn":[0.7583496047],"iteration":517,"passed_time":10.30415963,"remaining_time":9.588040427},
{"learn":[0.7580274002],"iteration":518,"passed_time":10.32519012,"remaining_time":9.569203176},
{"learn":[0.7577833524],"iteration":519,"passed_time":10.34539404,"remaining_time":9.549594502},
{"learn":[0.7575086955],"iteration":520,"passed_time":10.36535142,"remaining_time":9.529756869},
{"learn":[0.7572374051],"iteration":521,"passed_time":10.38548225,"remaining_time":9.510077619},
{"learn":[0.7569605177],"iteration":522,"passed_time":10.40562805,"remaining_time":9.490410286},
{"learn":[0.7566833231],"iteration":523,"passed_time":10.42581051,"remaining_time":9.470774436},
{"learn":[0.7564404587],"iteration":524,"passed_time":10.44627061,"remaining_time":9.451387696},
{"learn":[0.7561421933],"iteration":525,"passed_time":10.46632453,"remaining_time":9.431630849},
{"learn":[0.7558455048],"iteration":526,"passed_time":10.48731523,"remaining_time":9.412713667},
{"learn":[0.7555736474],"iteration":527,"passed_time":10.50699551,"remaining_time":9.392617197},
{"learn":[0.7552663505],"iteration":528,"passed_time":10.52808867,"remaining_time":9.37378027},
{"learn":[0.7550050442],"iteration":529,"passed_time":10.54940596,"remaining_time":9.355133589},
{"learn":[0.7547773332],"iteration":530,"passed_time":10.57120956,"remaining_time":9.336906375},
{"learn":[0.7544103411],"iteration":531,"passed_time":10.5935596,"remaining_time":9.319146414},
{"learn":[0.7541550189],"iteration":532,"passed_time":10.61434392,"remaining_time":9.299997389},
{"learn":[0.7538764739],"iteration":533,"passed_time":10.63474439,"remaining_time":9.280507274},
{"learn":[0.7536211088],"iteration":534,"passed_time":10.65455967,"remaining_time":9.260505135},
{"learn":[0.7533613572],"iteration":535,"passed_time":10.6751604,"remaining_time":9.241183629},
{"learn":[0.7530840133],"iteration":536,"passed_time":10.69520544,"remaining_time":9.221378248},
{"learn":[0.7527911177],"iteration":537,"passed_time":10.71547003,"remaining_time":9.201760511},
{"learn":[0.7524819613],"iteration":538,"passed_time":10.73481364,"remaining_time":9.181352664},
{"learn":[0.7522872359],"iteration":539,"passed_time":10.75423941,"remaining_time":9.161018754},
{"learn":[0.7520936275],"iteration":540,"passed_time":10.77387606,"remaining_time":9.14086712},
{"learn":[0.7518090135],"iteration":541,"passed_time":10.79389252,"remaining_time":9.121038328},
{"learn":[0.7515964983],"iteration":542,"passed_time":10.81352305,"remaining_time":9.100884038},
{"learn":[0.7513054325],"iteration":543,"passed_time":10.83281502,"remaining_time":9.080447887},
{"learn":[0.7510668101],"iteration":544,"passed_time":10.85168165,"remaining_time":9.059660828},
{"learn":[0.7507787321],"iteration":545,"passed_time":10.87171415,"remaining_time":9.039850229},
{"learn":[0.7505419233],"iteration":546,"passed_time":10.8911758,"remaining_time":9.019566064},
{"learn":[0.7502351292],"iteration":547,"passed_time":10.91131301,"remaining_time":8.999842119},
{"learn":[0.7499785775],"iteration":548,"passed_time":10.93091625,"remaining_time":8.979678011},
{"learn":[0.74970979],"iteration":549,"passed_time":10.95104421,"remaining_time":8.959945263},
{"learn":[0.7494666783],"iteration":550,"passed_time":10.97085454,"remaining_time":8.939952244},
{"learn":[0.7492576911],"iteration":551,"passed_time":10.99227058,"remaining_time":8.921263081},
{"learn":[0.7489911075],"iteration":552,"passed_time":11.0126913,"remaining_time":8.901759517},
{"learn":[0.7487469877],"iteration":553,"passed_time":11.0325978,"remaining_time":8.881838662},
{"learn":[0.7484785014],"iteration":554,"passed_time":11.05209003,"remaining_time":8.861585702},
{"learn":[0.7482178091],"iteration":555,"passed_time":11.07226366,"remaining_time":8.841879615},
{"learn":[0.7479851145],"iteration":556,"passed_time":11.09178035,"remaining_time":8.821649366},
{"learn":[0.7477311741],"iteration":557,"passed_time":11.11312706,"remaining_time":8.802871259},
{"learn":[0.7475932211],"iteration":558,"passed_time":11.13352549,"remaining_time":8.783335855},
{"learn":[0.7473792091],"iteration":559,"passed_time":11.15348541,"remaining_time":8.763452821},
{"learn":[0.7471194085],"iteration":560,"passed_time":11.17393109,"remaining_time":8.74394964},
{"learn":[0.7467291178],"iteration":561,"passed_time":11.19393055,"remaining_time":8.724095337},
{"learn":[0.7465370842],"iteration":562,"passed_time":11.21477657,"remaining_time":8.704897625},
{"learn":[0.7462365052],"iteration":563,"passed_time":11.23551372,"remaining_time":8.685609899},
{"learn":[0.7460692742],"iteration":564,"passed_time":11.25560077,"remaining_time":8.66581652},
{"learn":[0.7457322107],"iteration":565,"passed_time":11.27592178,"remaining_time":8.646201504},
{"learn":[0.7455004848],"iteration":566,"passed_time":11.29604299,"remaining_time":8.626431418},
{"learn":[0.7452472508],"iteration":567,"passed_time":11.31592586,"remaining_time":8.606478822},
{"learn":[0.7449966428],"iteration":568,"passed_time":11.33604749,"remaining_time":8.586707323},
{"learn":[0.7447229061],"iteration":569,"passed_time":11.35627758,"remaining_time":8.567016418},
{"learn":[0.7444717384],"iteration":570,"passed_time":11.37694693,"remaining_time":8.54765365},
{"learn":[0.744220912],"iteration":571,"passed_time":11.39761304,"remaining_time":8.528283881},
{"learn":[0.7439841103],"iteration":572,"passed_time":11.41790084,"remaining_time":8.508627675},
{"learn":[0.7437842581],"iteration":573,"passed_time":11.43754099,"remaining_time":8.48848861},
{"learn":[0.7435447912],"iteration":574,"passed_time":11.45695801,"remaining_time":8.468186357},
{"learn":[0.7432803958],"iteration":575,"passed_time":11.47752461,"remaining_time":8.448733397},
{"learn":[0.7430492019],"iteration":576,"passed_time":11.49705801,"remaining_time":8.428519134},
{"learn":[0.7427576975],"iteration":577,"passed_time":11.5168388,"remaining_time":8.408487842},
{"learn":[0.7425323035],"iteration":578,"passed_time":11.53608248,"remaining_time":8.388066882},
{"learn":[0.7422505959],"iteration":579,"passed_time":11.55609856,"remaining_time":8.368209305},
{"learn":[0.7420787015],"iteration":580,"passed_time":11.57640045,"remaining_time":8.348557294},
{"learn":[0.7418322483],"iteration":581,"passed_time":11.59656262,"remaining_time":8.328802706},
{"learn":[0.7416392357],"iteration":582,"passed_time":11.61719156,"remaining_time":8.309380582},
{"learn":[0.7414918705],"iteration":583,"passed_time":11.63732169,"remaining_time":8.289599009},
{"learn":[0.741265145],"iteration":584,"passed_time":11.65834063,"remaining_time":8.270446775},
{"learn":[0.741083876],"iteration":585,"passed_time":11.67929833,"remaining_time":8.251244897},
{"learn":[0.7408281671],"iteration":586,"passed_time":11.69985327,"remaining_time":8.231753662},
{"learn":[0.7406192561],"iteration":587,"passed_time":11.72117148,"remaining_time":8.21279362},
{"learn":[0.7403993605],"iteration":588,"passed_time":11.74186496,"remaining_time":8.193389639},
{"learn":[0.7401652855],"iteration":589,"passed_time":11.76373577,"remaining_time":8.174799433},
{"learn":[0.7399516489],"iteration":590,"passed_time":11.78512373,"remaining_time":8.15586397},
{"learn":[0.7397299964],"iteration":591,"passed_time":11.80895232,"remaining_time":8.138602272},
{"learn":[0.7395122823],"iteration":592,"passed_time":11.83203363,"remaining_time":8.120805541},
{"learn":[0.7392184225],"iteration":593,"passed_time":11.85403628,"remaining_time":8.102253751},
{"learn":[0.7390397217],"iteration":594,"passed_time":11.87587238,"remaining_time":8.083576997},
{"learn":[0.7388227494],"iteration":595,"passed_time":11.89843896,"remaining_time":8.0653848},
{"learn":[0.7385897721],"iteration":596,"passed_time":11.92126406,"remaining_time":8.047352453},
{"learn":[0.7383819625],"iteration":597,"passed_time":11.94407773,"remaining_time":8.029296402},
{"learn":[0.7381475292],"iteration":598,"passed_time":11.96989263,"remaining_time":8.013233633},
{"learn":[0.7378916335],"iteration":599,"passed_time":11.99317087,"remaining_time":7.995447245},
{"learn":[0.7376672407],"iteration":600,"passed_time":12.01591712,"remaining_time":7.977289405},
{"learn":[0.7374008615],"iteration":601,"passed_time":12.03819387,"remaining_time":7.958805911},
{"learn":[0.7371511531],"iteration":602,"passed_time":12.0618154,"remaining_time":7.941195215},
{"learn":[0.7369464691],"iteration":603,"passed_time":12.08384751,"remaining_time":7.92252254},
{"learn":[0.7367221728],"iteration":604,"passed_time":12.10546131,"remaining_time":7.903565651},
{"learn":[0.7365157882],"iteration":605,"passed_time":12.13003384,"remaining_time":7.886523652},
{"learn":[0.7363452589],"iteration":606,"passed_time":12.15449807,"remaining_time":7.869386725},
{"learn":[0.7360941999],"iteration":607,"passed_time":12.1771662,"remaining_time":7.851067683},
{"learn":[0.7358712722],"iteration":608,"passed_time":12.20212187,"remaining_time":7.834203037},
{"learn":[0.7356716547],"iteration":609,"passed_time":12.2270682,"remaining_time":7.817305896},
{"learn":[0.7354090574],"iteration":610,"passed_time":12.33992654,"remaining_time":7.856352575},
{"learn":[0.7352063407],"iteration":611,"passed_time":12.38363558,"remaining_time":7.851063078},
{"learn":[0.7349574362],"iteration":612,"passed_time":12.41082286,"remaining_time":7.835217692},
{"learn":[0.7347480087],"iteration":613,"passed_time":12.43665859,"remaining_time":7.818485694},
{"learn":[0.7345449669],"iteration":614,"passed_time":12.45965611,"remaining_time":7.799947319},
{"learn":[0.7342482186],"iteration":615,"passed_time":12.50574952,"remaining_time":7.795791907},
{"learn":[0.7340771207],"iteration":616,"passed_time":12.5318438,"remaining_time":7.779086185},
{"learn":[0.7338789341],"iteration":617,"passed_time":12.55893858,"remaining_time":7.762968507},
{"learn":[0.7335170434],"iteration":618,"passed_time":12.59395604,"remaining_time":7.751691842},
{"learn":[0.7332157761],"iteration":619,"passed_time":12.62341098,"remaining_time":7.736929308},
{"learn":[0.733037654],"iteration":620,"passed_time":12.64580164,"remaining_time":7.717808085},
{"learn":[0.7328321949],"iteration":621,"passed_time":12.66838352,"remaining_time":7.698792554},
{"learn":[0.7325923308],"iteration":622,"passed_time":12.69003369,"remaining_time":7.67920177},
{"learn":[0.7323424029],"iteration":623,"passed_time":12.71165537,"remaining_time":7.659587212},
{"learn":[0.7321538213],"iteration":624,"passed_time":12.73257124,"remaining_time":7.639542742},
{"learn":[0.7319071369],"iteration":625,"passed_time":12.75711543,"remaining_time":7.621663211},
{"learn":[0.7316571073],"iteration":626,"passed_time":12.79035003,"remaining_time":7.608932317},
{"learn":[0.7314040654],"iteration":627,"passed_time":12.8134816,"remaining_time":7.590151519},
{"learn":[0.7312006931],"iteration":628,"passed_time":12.8339652,"remaining_time":7.569795052},
{"learn":[0.7309854614],"iteration":629,"passed_time":12.85514719,"remaining_time":7.549848351},
{"learn":[0.730776866],"iteration":630,"passed_time":12.8777019,"remaining_time":7.530700478},
{"learn":[0.7305305281],"iteration":631,"passed_time":12.90215422,"remaining_time":7.512646758},
{"learn":[0.7303080777],"iteration":632,"passed_time":12.92843788,"remaining_time":7.495634602},
{"learn":[0.7302107141],"iteration":633,"passed_time":12.954505,"remaining_time":7.478468186},
{"learn":[0.7299965842],"iteration":634,"passed_time":12.98085146,"remaining_time":7.461434304},
{"learn":[0.7297683806],"iteration":635,"passed_time":13.00973205,"remaining_time":7.445821486},
{"learn":[0.7295396152],"iteration":636,"passed_time":13.03496514,"remaining_time":7.428088454},
{"learn":[0.7293587322],"iteration":637,"passed_time":13.05789853,"remaining_time":7.409027064},
{"learn":[0.7291955669],"iteration":638,"passed_time":13.08165461,"remaining_time":7.390418332},
{"learn":[0.7289850423],"iteration":639,"passed_time":13.10447687,"remaining_time":7.371268239},
{"learn":[0.728785814],"iteration":640,"passed_time":13.13073028,"remaining_time":7.35402835},
{"learn":[0.7284935108],"iteration":641,"passed_time":13.15447316,"remaining_time":7.335360422},
{"learn":[0.7283239108],"iteration":642,"passed_time":13.17714266,"remaining_time":7.316080763},
{"learn":[0.728100706],"iteration":643,"passed_time":13.19911523,"remaining_time":7.296405313},
{"learn":[0.7278181692],"iteration":644,"passed_time":13.22094846,"remaining_time":7.276646049},
{"learn":[0.7276256971],"iteration":645,"passed_time":13.24300498,"remaining_time":7.25700273},
{"learn":[0.7274456029],"iteration":646,"passed_time":13.26302498,"remaining_time":7.236240832},
{"learn":[0.7272690916],"iteration":647,"passed_time":13.28325786,"remaining_time":7.215596864},
{"learn":[0.7270493224],"iteration":648,"passed_time":13.30301494,"remaining_time":7.194696831},
{"learn":[0.7268729015],"iteration":649,"passed_time":13.32445436,"remaining_time":7.174706194},
{"learn":[0.7267184223],"iteration":650,"passed_time":13.34560927,"remaining_time":7.154558581},
{"learn":[0.7265126179],"iteration":651,"passed_time":13.36556477,"remaining_time":7.1337677},
{"learn":[0.7263132412],"iteration":652,"passed_time":13.3880121,"remaining_time":7.114303521},
{"learn":[0.7260701143],"iteration":653,"passed_time":13.40916614,"remaining_time":7.094146},
{"learn":[0.7258830358],"iteration":654,"passed_time":13.42913943,"remaining_time":7.073363516},
{"learn":[0.7256904859],"iteration":655,"passed_time":13.44952552,"remaining_time":7.05279997},
{"learn":[0.7254477317],"iteration":656,"passed_time":13.46993404,"remaining_time":7.032248668},
{"learn":[0.7253601656],"iteration":657,"passed_time":13.48915147,"remaining_time":7.011078727},
{"learn":[0.7251442659],"iteration":658,"passed_time":13.5096529,"remaining_time":6.990579119},
{"learn":[0.7249516886],"iteration":659,"passed_time":13.53015896,"remaining_time":6.970081888},
{"learn":[0.724793927],"iteration":660,"passed_time":13.55226736,"remaining_time":6.950406408},
{"learn":[0.7246267242],"iteration":661,"passed_time":13.5736127,"remaining_time":6.930333975},
{"learn":[0.7244029894],"iteration":662,"passed_time":13.59914826,"remaining_time":6.912387575},
{"learn":[0.7242023892],"iteration":663,"passed_time":13.62218556,"remaining_time":6.893154141},
{"learn":[0.7239700081],"iteration":664,"passed_time":13.64410825,"remaining_time":6.873347767},
{"learn":[0.7238023595],"iteration":665,"passed_time":13.66481628,"remaining_time":6.85292588},
{"learn":[0.7235960399],"iteration":666,"passed_time":13.68520495,"remaining_time":6.832343703},
{"learn":[0.7233340483],"iteration":667,"passed_time":13.7067633,"remaining_time":6.812343435},
{"learn":[0.7231185],"iteration":668,"passed_time":13.72699922,"remaining_time":6.791684219},
{"learn":[0.7229451508],"iteration":669,"passed_time":13.74717893,"remaining_time":6.77099858},
{"learn":[0.7227827329],"iteration":670,"passed_time":13.76742753,"remaining_time":6.750348221},
{"learn":[0.7225653768],"iteration":671,"passed_time":13.78745369,"remaining_time":6.729590493},
{"learn":[0.7223497893],"iteration":672,"passed_time":13.80868532,"remaining_time":6.709420651},
{"learn":[0.7221983133],"iteration":673,"passed_time":13.82922037,"remaining_time":6.688910745},
{"learn":[0.722084233],"iteration":674,"passed_time":13.84975523,"remaining_time":6.668400664},
{"learn":[0.7219389367],"iteration":675,"passed_time":13.87056275,"remaining_time":6.6480212},
{"learn":[0.7217708178],"iteration":676,"passed_time":13.88987081,"remaining_time":6.626925069},
{"learn":[0.721577329],"iteration":677,"passed_time":13.91007011,"remaining_time":6.606257485},
{"learn":[0.7213967203],"iteration":678,"passed_time":13.92916262,"remaining_time":6.585068042},
{"learn":[0.7212108093],"iteration":679,"passed_time":13.94927129,"remaining_time":6.564362959},
{"learn":[0.7210337749],"iteration":680,"passed_time":13.96893203,"remaining_time":6.543449804},
{"learn":[0.7208415247],"iteration":681,"passed_time":13.98933112,"remaining_time":6.5228846},
{"learn":[0.7206732908],"iteration":682,"passed_time":14.01115318,"remaining_time":6.50298032},
{"learn":[0.7204806813],"iteration":683,"passed_time":14.03357385,"remaining_time":6.483346981},
{"learn":[0.7203087819],"iteration":684,"passed_time":14.0567797,"remaining_time":6.464066578},
{"learn":[0.720074573],"iteration":685,"passed_time":14.07914499,"remaining_time":6.44438998},
{"learn":[0.7198755809],"iteration":686,"passed_time":14.10112914,"remaining_time":6.424531907},
{"learn":[0.7196746828],"iteration":687,"passed_time":14.12204562,"remaining_time":6.404183481},
{"learn":[0.7194686718],"iteration":688,"passed_time":14.14441133,"remaining_time":6.384487551},
{"learn":[0.7192753625],"iteration":689,"passed_time":14.16754801,"remaining_time":6.365130268},
{"learn":[0.719092261],"iteration":690,"passed_time":14.19048103,"remaining_time":6.345670966},
{"learn":[0.7190319935],"iteration":691,"passed_time":14.22728338,"remaining_time":6.332374683},
{"learn":[0.7188499346],"iteration":692,"passed_time":14.2541884,"remaining_time":6.31462603},
{"learn":[0.7186794951],"iteration":693,"passed_time":14.27660335,"remaining_time":6.29487122},
{"learn":[0.7184704167],"iteration":694,"passed_time":14.29740209,"remaining_time":6.274399478},
{"learn":[0.7183044393],"iteration":695,"passed_time":14.31745188,"remaining_time":6.253599672},
{"learn":[0.7181275003],"iteration":696,"passed_time":14.33747792,"remaining_time":6.232791694},
{"learn":[0.7180004835],"iteration":697,"passed_time":14.35646764,"remaining_time":6.211537574},
{"learn":[0.7178017091],"iteration":698,"passed_time":14.37626434,"remaining_time":6.190637434},
{"learn":[0.717663012],"iteration":699,"passed_time":14.39759601,"remaining_time":6.170398289},
{"learn":[0.7174433954],"iteration":700,"passed_time":14.41769747,"remaining_time":6.149631303},
{"learn":[0.7172776304],"iteration":701,"passed_time":14.43798898,"remaining_time":6.128946888},
{"learn":[0.7170917159],"iteration":702,"passed_time":14.45892788,"remaining_time":6.1085371},
{"learn":[0.7169129805],"iteration":703,"passed_time":14.4791611,"remaining_time":6.087829098},
{"learn":[0.7167496826],"iteration":704,"passed_time":14.49916672,"remaining_time":6.06702721},
{"learn":[0.7165484564],"iteration":705,"passed_time":14.51863475,"remaining_time":6.046003705},
{"learn":[0.7163528667],"iteration":706,"passed_time":14.53787697,"remaining_time":6.024891022},
{"learn":[0.7161980743],"iteration":707,"passed_time":14.55801464,"remaining_time":6.004152931},
{"learn":[0.7160763285],"iteration":708,"passed_time":14.57787822,"remaining_time":5.983304036},
{"learn":[0.7159230825],"iteration":709,"passed_time":14.59730712,"remaining_time":5.962280371},
{"learn":[0.7157545055],"iteration":710,"passed_time":14.61780263,"remaining_time":5.941694741},
{"learn":[0.7156126664],"iteration":711,"passed_time":14.63729424,"remaining_time":5.920703288},
{"learn":[0.7153977354],"iteration":712,"passed_time":14.65690702,"remaining_time":5.899764816},
{"learn":[0.7152588907],"iteration":713,"passed_time":14.67735336,"remaining_time":5.879163953},
{"learn":[0.7150708752],"iteration":714,"passed_time":14.6988057,"remaining_time":5.858964511},
{"learn":[0.7149309405],"iteration":715,"passed_time":14.71944035,"remaining_time":5.838437233},
{"learn":[0.7146778746],"iteration":716,"passed_time":14.74040788,"remaining_time":5.818041046},
{"learn":[0.7144855183],"iteration":717,"passed_time":14.76077823,"remaining_time":5.797408718},
{"learn":[0.7143618351],"iteration":718,"passed_time":14.78066935,"remaining_time":5.776589828},
{"learn":[0.7141729619],"iteration":719,"passed_time":14.80042705,"remaining_time":5.755721629},
{"learn":[0.714012051],"iteration":720,"passed_time":14.81981411,"remaining_time":5.734713087},
{"learn":[0.7139024146],"iteration":721,"passed_time":14.84077193,"remaining_time":5.714313846},
{"learn":[0.7136796268],"iteration":722,"passed_time":14.8605798,"remaining_time":5.693472482},
{"learn":[0.7135157651],"iteration":723,"passed_time":14.88074322,"remaining_time":5.672769515},
{"learn":[0.7133258852],"iteration":724,"passed_time":14.90201672,"remaining_time":5.652489101},
{"learn":[0.7131674815],"iteration":725,"passed_time":14.92194768,"remaining_time":5.63169926},
{"learn":[0.7130603176],"iteration":726,"passed_time":14.94144678,"remaining_time":5.610749617},
{"learn":[0.7128902994],"iteration":727,"passed_time":14.96197517,"remaining_time":5.590188527},
{"learn":[0.7127289723],"iteration":728,"passed_time":14.98236435,"remaining_time":5.569575775},
{"learn":[0.712618289],"iteration":729,"passed_time":15.00198401,"remaining_time":5.548679016},
{"learn":[0.7124294253],"iteration":730,"passed_time":15.02143107,"remaining_time":5.527722241},
{"learn":[0.7122118193],"iteration":731,"passed_time":15.04113052,"remaining_time":5.506861993},
{"learn":[0.7120436833],"iteration":732,"passed_time":15.06035987,"remaining_time":5.485833676},
{"learn":[0.7118858324],"iteration":733,"passed_time":15.08024015,"remaining_time":5.465046159},
{"learn":[0.7117237274],"iteration":734,"passed_time":15.10003723,"remaining_time":5.44423111},
{"learn":[0.7116065114],"iteration":735,"passed_time":15.1198471,"remaining_time":5.423423415},
{"learn":[0.7114378536],"iteration":736,"passed_time":15.13968026,"remaining_time":5.402626741},
{"learn":[0.7112674107],"iteration":737,"passed_time":15.15943546,"remaining_time":5.381805},
{"learn":[0.7111130006],"iteration":738,"passed_time":15.17910145,"remaining_time":5.360954638},
{"learn":[0.7109948976],"iteration":739,"passed_time":15.19821367,"remaining_time":5.339912909},
{"learn":[0.7107750162],"iteration":740,"passed_time":15.2181487,"remaining_time":5.319163987},
{"learn":[0.7105121008],"iteration":741,"passed_time":15.23834975,"remaining_time":5.298509752},
{"learn":[0.7103880511],"iteration":742,"passed_time":15.2580937,"remaining_time":5.277698629},
{"learn":[0.7102293979],"iteration":743,"passed_time":15.27843829,"remaining_time":5.257097048},
{"learn":[0.7101098005],"iteration":744,"passed_time":15.29771556,"remaining_time":5.23613083},
{"learn":[0.7099278739],"iteration":745,"passed_time":15.3172883,"remaining_time":5.215269742},
{"learn":[0.709745369],"iteration":746,"passed_time":15.33747418,"remaining_time":5.194619768},
{"learn":[0.7095440557],"iteration":747,"passed_time":15.35844475,"remaining_time":5.174235397},
{"learn":[0.7093685167],"iteration":748,"passed_time":15.3783625,"remaining_time":5.153496644},
{"learn":[0.709260515],"iteration":749,"passed_time":15.39835266,"remaining_time":5.132784221},
{"learn":[0.7091000531],"iteration":750,"passed_time":15.41852592,"remaining_time":5.112134425},
{"learn":[0.7088430953],"iteration":751,"passed_time":15.43804298,"remaining_time":5.091269495},
{"learn":[0.7086912264],"iteration":752,"passed_time":15.45784956,"remaining_time":5.070503109},
{"learn":[0.7085329546],"iteration":753,"passed_time":15.47820311,"remaining_time":5.049917726},
{"learn":[0.7083675442],"iteration":754,"passed_time":15.497406,"remaining_time":5.028959564},
{"learn":[0.7082319465],"iteration":755,"passed_time":15.51745046,"remaining_time":5.008277662},
{"learn":[0.7080485303],"iteration":756,"passed_time":15.53767184,"remaining_time":4.987654238},
{"learn":[0.7078871846],"iteration":757,"passed_time":15.55739242,"remaining_time":4.966871985},
{"learn":[0.7077345362],"iteration":758,"passed_time":15.57765951,"remaining_time":4.946266062},
{"learn":[0.7075584161],"iteration":759,"passed_time":15.59777818,"remaining_time":4.925614161},
{"learn":[0.7073797796],"iteration":760,"passed_time":15.61839861,"remaining_time":4.905121247},
{"learn":[0.7072092508],"iteration":761,"passed_time":15.63820902,"remaining_time":4.884374997},
{"learn":[0.7070810382],"iteration":762,"passed_time":15.65820473,"remaining_time":4.863688757},
{"learn":[0.706962358],"iteration":763,"passed_time":15.67800868,"remaining_time":4.84294509},
{"learn":[0.7068202981],"iteration":764,"passed_time":15.69754342,"remaining_time":4.82212118},
{"learn":[0.7066793736],"iteration":765,"passed_time":15.71662534,"remaining_time":4.801162311},
{"learn":[0.7065122747],"iteration":766,"passed_time":15.73683602,"remaining_time":4.780551228},
{"learn":[0.706334669],"iteration":767,"passed_time":15.7570564,"remaining_time":4.75994412},
{"learn":[0.7061791893],"iteration":768,"passed_time":15.77729203,"remaining_time":4.739342599},
{"learn":[0.7059728262],"iteration":769,"passed_time":15.79755483,"remaining_time":4.718750144},
{"learn":[0.7058276716],"iteration":770,"passed_time":15.8179538,"remaining_time":4.698198989},
{"learn":[0.7056654819],"iteration":771,"passed_time":15.83789188,"remaining_time":4.67751211},
{"learn":[0.7054824085],"iteration":772,"passed_time":15.8588512,"remaining_time":4.657127068},
{"learn":[0.7053532677],"iteration":773,"passed_time":15.87920134,"remaining_time":4.636562665},
{"learn":[0.705225029],"iteration":774,"passed_time":15.89855903,"remaining_time":4.615710685},
{"learn":[0.7051172377],"iteration":775,"passed_time":15.91950947,"remaining_time":4.595322322},
{"learn":[0.7049219071],"iteration":776,"passed_time":15.93964623,"remaining_time":4.574698982},
{"learn":[0.7047500671],"iteration":777,"passed_time":15.95995174,"remaining_time":4.554125046},
{"learn":[0.7045851994],"iteration":778,"passed_time":15.97944351,"remaining_time":4.533320945},
{"learn":[0.7043930548],"iteration":779,"passed_time":15.9992803,"remaining_time":4.512617519},
{"learn":[0.704224689],"iteration":780,"passed_time":16.01804663,"remaining_time":4.491616148},
{"learn":[0.7040689433],"iteration":781,"passed_time":16.03713676,"remaining_time":4.470710761},
{"learn":[0.7038848764],"iteration":782,"passed_time":16.05718214,"remaining_time":4.450074744},
{"learn":[0.7037635359],"iteration":783,"passed_time":16.07745419,"remaining_time":4.429502685},
{"learn":[0.7036159329],"iteration":784,"passed_time":16.0974079,"remaining_time":4.408844201},
{"learn":[0.7034461412],"iteration":785,"passed_time":16.11766753,"remaining_time":4.388270803},
{"learn":[0.7032641547],"iteration":786,"passed_time":16.1375524,"remaining_time":4.367596774},
{"learn":[0.7030962457],"iteration":787,"passed_time":16.15816596,"remaining_time":4.347120792},
{"learn":[0.7029562594],"iteration":788,"passed_time":16.1779237,"remaining_time":4.326415591},
{"learn":[0.7027728953],"iteration":789,"passed_time":16.19781286,"remaining_time":4.305747724},
{"learn":[0.7025958753],"iteration":790,"passed_time":16.21707967,"remaining_time":4.284917385},
{"learn":[0.7023826901],"iteration":791,"passed_time":16.23747964,"remaining_time":4.264388593},
{"learn":[0.7022327096],"iteration":792,"passed_time":16.25754544,"remaining_time":4.243772895},
{"learn":[0.7019971509],"iteration":793,"passed_time":16.27750056,"remaining_time":4.223129868},
{"learn":[0.70179676],"iteration":794,"passed_time":16.29723338,"remaining_time":4.20243125},
{"learn":[0.7016105222],"iteration":795,"passed_time":16.31656299,"remaining_time":4.18163172},
{"learn":[0.7014340355],"iteration":796,"passed_time":16.33607355,"remaining_time":4.160881971},
{"learn":[0.7012286719],"iteration":797,"passed_time":16.35621264,"remaining_time":4.140294427},
{"learn":[0.7010770894],"iteration":798,"passed_time":16.37578846,"remaining_time":4.119566308},
{"learn":[0.7009114606],"iteration":799,"passed_time":16.39521435,"remaining_time":4.098803589},
{"learn":[0.7007790079],"iteration":800,"passed_time":16.41517648,"remaining_time":4.078177427},
{"learn":[0.7005850509],"iteration":801,"passed_time":16.43468834,"remaining_time":4.057441759},
{"learn":[0.7004591261],"iteration":802,"passed_time":16.45432328,"remaining_time":4.036739335},
{"learn":[0.7002735962],"iteration":803,"passed_time":16.4743287,"remaining_time":4.016129881},
{"learn":[0.7001192549],"iteration":804,"passed_time":16.49471363,"remaining_time":3.99561386},
{"learn":[0.6999596056],"iteration":805,"passed_time":16.51479521,"remaining_time":3.97502515},
{"learn":[0.699780844],"iteration":806,"passed_time":16.53506251,"remaining_time":3.954482112},
{"learn":[0.6995460178],"iteration":807,"passed_time":16.55504997,"remaining_time":3.93387326},
{"learn":[0.6993847748],"iteration":808,"passed_time":16.57487588,"remaining_time":3.913227803},
{"learn":[0.6992123106],"iteration":809,"passed_time":16.59528335,"remaining_time":3.892720786},
{"learn":[0.6991093584],"iteration":810,"passed_time":16.6163238,"remaining_time":3.872361527},
{"learn":[0.6989601432],"iteration":811,"passed_time":16.63645368,"remaining_time":3.851789768},
{"learn":[0.6987675482],"iteration":812,"passed_time":16.6569669,"remaining_time":3.83130727},
{"learn":[0.6986290052],"iteration":813,"passed_time":16.67805902,"remaining_time":3.810956975},
{"learn":[0.6984827459],"iteration":814,"passed_time":16.69766905,"remaining_time":3.790268435},
{"learn":[0.6983435333],"iteration":815,"passed_time":16.71623929,"remaining_time":3.769348076},
{"learn":[0.698206007],"iteration":816,"passed_time":16.73670197,"remaining_time":3.748857358},
{"learn":[0.6980826167],"iteration":817,"passed_time":16.75586236,"remaining_time":3.728076956},
{"learn":[0.6978926459],"iteration":818,"passed_time":16.77556035,"remaining_time":3.707419321},
{"learn":[0.6977111878],"iteration":819,"passed_time":16.79585294,"remaining_time":3.686894549},
{"learn":[0.697550245],"iteration":820,"passed_time":16.81969649,"remaining_time":3.667144545},
{"learn":[0.6974569767],"iteration":821,"passed_time":16.841207,"remaining_time":3.646879374},
{"learn":[0.6972624946],"iteration":822,"passed_time":16.86185656,"remaining_time":3.626426016},
{"learn":[0.6970864288],"iteration":823,"passed_time":16.88212657,"remaining_time":3.605891111},
{"learn":[0.6969255258],"iteration":824,"passed_time":16.90243241,"remaining_time":3.58536445},
{"learn":[0.6967468154],"iteration":825,"passed_time":16.92350819,"remaining_time":3.565000515},
{"learn":[0.6965819636],"iteration":826,"passed_time":16.94344336,"remaining_time":3.544396253},
{"learn":[0.6964262484],"iteration":827,"passed_time":16.96319827,"remaining_time":3.523756161},
{"learn":[0.6962929286],"iteration":828,"passed_time":16.98324447,"remaining_time":3.503178293},
{"learn":[0.6961025525],"iteration":829,"passed_time":17.00746961,"remaining_time":3.483457632},
{"learn":[0.6959677321],"iteration":830,"passed_time":17.03300805,"remaining_time":3.463993213},
{"learn":[0.6958314311],"iteration":831,"passed_time":17.05664879,"remaining_time":3.444131006},
{"learn":[0.6956764437],"iteration":832,"passed_time":17.07644499,"remaining_time":3.423488973},
{"learn":[0.6955369005],"iteration":833,"passed_time":17.0962642,"remaining_time":3.402853545},
{"learn":[0.6953510002],"iteration":834,"passed_time":17.11690022,"remaining_time":3.38238148},
{"learn":[0.6952051128],"iteration":835,"passed_time":17.13702847,"remaining_time":3.361809413},
{"learn":[0.6950245032],"iteration":836,"passed_time":17.15726606,"remaining_time":3.341259699},
{"learn":[0.6948785967],"iteration":837,"passed_time":17.17775599,"remaining_time":3.320759512},
{"learn":[0.6947293753],"iteration":838,"passed_time":17.20021599,"remaining_time":3.300637395},
{"learn":[0.6946200044],"iteration":839,"passed_time":17.22020441,"remaining_time":3.280038935},
{"learn":[0.6945023353],"iteration":840,"passed_time":17.24065821,"remaining_time":3.259529912},
{"learn":[0.6943603832],"iteration":841,"passed_time":17.26123781,"remaining_time":3.239044625},
{"learn":[0.6942103469],"iteration":842,"passed_time":17.28149378,"remaining_time":3.218498842},
{"learn":[0.6941182716],"iteration":843,"passed_time":17.30139444,"remaining_time":3.197888072},
{"learn":[0.6939844653],"iteration":844,"passed_time":17.32074384,"remaining_time":3.177177864},
{"learn":[0.6938530739],"iteration":845,"passed_time":17.34065029,"remaining_time":3.156572275},
{"learn":[0.6937155606],"iteration":846,"passed_time":17.3607495,"remaining_time":3.136003157},
{"learn":[0.6935913045],"iteration":847,"passed_time":17.38094701,"remaining_time":3.115452766},
{"learn":[0.6934573418],"iteration":848,"passed_time":17.4010353,"remaining_time":3.094883782},
{"learn":[0.6933121896],"iteration":849,"passed_time":17.42146748,"remaining_time":3.074376615},
{"learn":[0.6931683466],"iteration":850,"passed_time":17.44166611,"remaining_time":3.053828732},
{"learn":[0.693013645],"iteration":851,"passed_time":17.46106084,"remaining_time":3.033142024},
{"learn":[0.6928456112],"iteration":852,"passed_time":17.48155248,"remaining_time":3.01264738},
{"learn":[0.6926529899],"iteration":853,"passed_time":17.50150306,"remaining_time":2.992060243},
{"learn":[0.6925260536],"iteration":854,"passed_time":17.52167144,"remaining_time":2.971511531},
{"learn":[0.6923392762],"iteration":855,"passed_time":17.54158552,"remaining_time":2.950920929},
{"learn":[0.6921614766],"iteration":856,"passed_time":17.56109446,"remaining_time":2.930264304},
{"learn":[0.6920064831],"iteration":857,"passed_time":17.58122534,"remaining_time":2.909713285},
{"learn":[0.6918519627],"iteration":858,"passed_time":17.6013816,"remaining_time":2.88916741},
{"learn":[0.6917345478],"iteration":859,"passed_time":17.62213312,"remaining_time":2.868719345},
{"learn":[0.6915776573],"iteration":860,"passed_time":17.64334225,"remaining_time":2.848344451},
{"learn":[0.6914118411],"iteration":861,"passed_time":17.66369167,"remaining_time":2.827829989},
{"learn":[0.6912737843],"iteration":862,"passed_time":17.68310032,"remaining_time":2.807166563},
{"learn":[0.6910859601],"iteration":863,"passed_time":17.70438124,"remaining_time":2.78680075},
{"learn":[0.6909064145],"iteration":864,"passed_time":17.72444449,"remaining_time":2.766242781},
{"learn":[0.690759282],"iteration":865,"passed_time":17.74449378,"remaining_time":2.745683795},
{"learn":[0.6906625546],"iteration":866,"passed_time":17.76424969,"remaining_time":2.725080979},
{"learn":[0.6905449614],"iteration":867,"passed_time":17.78362742,"remaining_time":2.704422602},
{"learn":[0.6903840882],"iteration":868,"passed_time":17.80386296,"remaining_time":2.683896488},
{"learn":[0.6902656529],"iteration":869,"passed_time":17.82608154,"remaining_time":2.663667356},
{"learn":[0.69010458],"iteration":870,"passed_time":17.85050223,"remaining_time":2.643759802},
{"learn":[0.690002507],"iteration":871,"passed_time":17.87038251,"remaining_time":2.623175415},
{"learn":[0.6898728655],"iteration":872,"passed_time":17.89159422,"remaining_time":2.60278633},
{"learn":[0.6897088999],"iteration":873,"passed_time":17.9126585,"remaining_time":2.582374109},
{"learn":[0.6896136829],"iteration":874,"passed_time":17.93479928,"remaining_time":2.562114183},
{"learn":[0.689443021],"iteration":875,"passed_time":17.95695777,"remaining_time":2.54185247},
{"learn":[0.6893448359],"iteration":876,"passed_time":17.97889646,"remaining_time":2.521555604},
{"learn":[0.689201265],"iteration":877,"passed_time":17.99995745,"remaining_time":2.50113304},
{"learn":[0.689055672],"iteration":878,"passed_time":18.02068773,"remaining_time":2.480663498},
{"learn":[0.6889256508],"iteration":879,"passed_time":18.04495245,"remaining_time":2.460675334},
{"learn":[0.6887801574],"iteration":880,"passed_time":18.06486324,"remaining_time":2.440089359},
{"learn":[0.6886714163],"iteration":881,"passed_time":18.08539313,"remaining_time":2.419587743},
{"learn":[0.6885235236],"iteration":882,"passed_time":18.10538759,"remaining_time":2.399015116},
{"learn":[0.6883872961],"iteration":883,"passed_time":18.12605169,"remaining_time":2.37853167},
{"learn":[0.6882670986],"iteration":884,"passed_time":18.14584256,"remaining_time":2.357934344},
{"learn":[0.6881335455],"iteration":885,"passed_time":18.16543588,"remaining_time":2.33731342},
{"learn":[0.6879870659],"iteration":886,"passed_time":18.18583747,"remaining_time":2.316797784},
{"learn":[0.6878369365],"iteration":887,"passed_time":18.20596973,"remaining_time":2.296248434},
{"learn":[0.687682658],"iteration":888,"passed_time":18.22670875,"remaining_time":2.275775783},
{"learn":[0.6876398674],"iteration":889,"passed_time":18.24789175,"remaining_time":2.255357407},
{"learn":[0.6875144556],"iteration":890,"passed_time":18.26792504,"remaining_time":2.234796666},
{"learn":[0.6873910353],"iteration":891,"passed_time":18.29253869,"remaining_time":2.21479168},
{"learn":[0.687293581],"iteration":892,"passed_time":18.31463564,"remaining_time":2.194474819},
{"learn":[0.6871478593],"iteration":893,"passed_time":18.33513732,"remaining_time":2.173964828},
{"learn":[0.6870002743],"iteration":894,"passed_time":18.35514949,"remaining_time":2.153397426},
{"learn":[0.6868888864],"iteration":895,"passed_time":18.37506123,"remaining_time":2.132819607},
{"learn":[0.6867469283],"iteration":896,"passed_time":18.39413229,"remaining_time":2.11214674},
{"learn":[0.6866903131],"iteration":897,"passed_time":18.41374081,"remaining_time":2.091538489},
{"learn":[0.6865832901],"iteration":898,"passed_time":18.43427037,"remaining_time":2.071035937},
{"learn":[0.6864271538],"iteration":899,"passed_time":18.45581596,"remaining_time":2.050646218},
{"learn":[0.6863088319],"iteration":900,"passed_time":18.47534932,"remaining_time":2.030032833},
{"learn":[0.6861832123],"iteration":901,"passed_time":18.49443379,"remaining_time":2.009373073},
{"learn":[0.6860876874],"iteration":902,"passed_time":18.51294724,"remaining_time":1.988655462},
{"learn":[0.6859633638],"iteration":903,"passed_time":18.53258598,"remaining_time":1.968062228},
{"learn":[0.6858647079],"iteration":904,"passed_time":18.55348251,"remaining_time":1.947603136},
{"learn":[0.6857262799],"iteration":905,"passed_time":18.57393202,"remaining_time":1.9270967},
{"learn":[0.6855796004],"iteration":906,"passed_time":18.59480609,"remaining_time":1.906633921},
{"learn":[0.6854577103],"iteration":907,"passed_time":18.6154474,"remaining_time":1.886146653},
{"learn":[0.6853185248],"iteration":908,"passed_time":18.63725938,"remaining_time":1.865776242},
{"learn":[0.6852201185],"iteration":909,"passed_time":18.66092354,"remaining_time":1.845585845},
{"learn":[0.6850823166],"iteration":910,"passed_time":18.686016,"remaining_time":1.825527359},
{"learn":[0.6849506955],"iteration":911,"passed_time":18.70642318,"remaining_time":1.805005746},
{"learn":[0.6847955519],"iteration":912,"passed_time":18.7258157,"remaining_time":1.784387696},
{"learn":[0.6846867956],"iteration":913,"passed_time":18.74578374,"remaining_time":1.763826479},
{"learn":[0.6845359594],"iteration":914,"passed_time":18.76737088,"remaining_time":1.743416967},
{"learn":[0.684432556],"iteration":915,"passed_time":18.78983271,"remaining_time":1.723085096},
{"learn":[0.6843411685],"iteration":916,"passed_time":18.81283181,"remaining_time":1.702797208},
{"learn":[0.6841887297],"iteration":917,"passed_time":18.83492275,"remaining_time":1.682422294},
{"learn":[0.684076726],"iteration":918,"passed_time":18.85765609,"remaining_time":1.662100265},
{"learn":[0.6839314589],"iteration":919,"passed_time":18.87864383,"remaining_time":1.641621203},
{"learn":[0.6838152014],"iteration":920,"passed_time":18.90030389,"remaining_time":1.621198705},
{"learn":[0.68366995],"iteration":921,"passed_time":18.92048139,"remaining_time":1.600648101},
{"learn":[0.6835253013],"iteration":922,"passed_time":18.94093116,"remaining_time":1.580121018},
{"learn":[0.6834434862],"iteration":923,"passed_time":18.96139109,"remaining_time":1.559594938},
{"learn":[0.683314167],"iteration":924,"passed_time":18.98165447,"remaining_time":1.539053065},
{"learn":[0.6831669181],"iteration":925,"passed_time":19.00310452,"remaining_time":1.518606625},
{"learn":[0.6830860579],"iteration":926,"passed_time":19.02331357,"remaining_time":1.498060292},
{"learn":[0.6828975749],"iteration":927,"passed_time":19.04295051,"remaining_time":1.477470298},
{"learn":[0.682764196],"iteration":928,"passed_time":19.06331477,"remaining_time":1.456937943},
{"learn":[0.682623703],"iteration":929,"passed_time":19.0844021,"remaining_time":1.436460373},
{"learn":[0.6825202269],"iteration":930,"passed_time":19.10495945,"remaining_time":1.415942215},
{"learn":[0.6823536642],"iteration":931,"passed_time":19.12588619,"remaining_time":1.395450924},
{"learn":[0.6822174375],"iteration":932,"passed_time":19.14566302,"remaining_time":1.374876122},
{"learn":[0.6820958403],"iteration":933,"passed_time":19.1668008,"remaining_time":1.3543992},
{"learn":[0.6820250776],"iteration":934,"passed_time":19.18848019,"remaining_time":1.333958516},
{"learn":[0.6818857381],"iteration":935,"passed_time":19.20925897,"remaining_time":1.313453605},
{"learn":[0.6817561354],"iteration":936,"passed_time":19.23008616,"remaining_time":1.292951364},
{"learn":[0.6816658395],"iteration":937,"passed_time":19.25014783,"remaining_time":1.272397831},
{"learn":[0.6815546678],"iteration":938,"passed_time":19.27079864,"remaining_time":1.251883618},
{"learn":[0.6814323269],"iteration":939,"passed_time":19.29059988,"remaining_time":1.231314886},
{"learn":[0.6813241445],"iteration":940,"passed_time":19.31156358,"remaining_time":1.210820671},
{"learn":[0.6811525138],"iteration":941,"passed_time":19.33139649,"remaining_time":1.190255835},
{"learn":[0.6810550956],"iteration":942,"passed_time":19.35232323,"remaining_time":1.169758668},
{"learn":[0.6809619484],"iteration":943,"passed_time":19.37258628,"remaining_time":1.14922122},
{"learn":[0.6808468552],"iteration":944,"passed_time":19.39223606,"remaining_time":1.12864866},
{"learn":[0.6807522707],"iteration":945,"passed_time":19.41625236,"remaining_time":1.108327302},
{"learn":[0.6806255973],"iteration":946,"passed_time":19.44572167,"remaining_time":1.088303325},
{"learn":[0.6804972092],"iteration":947,"passed_time":19.46850277,"remaining_time":1.067892557},
{"learn":[0.6803882613],"iteration":948,"passed_time":19.49010428,"remaining_time":1.047413402},
{"learn":[0.6802805245],"iteration":949,"passed_time":19.51037666,"remaining_time":1.026861929},
{"learn":[0.6801181782],"iteration":950,"passed_time":19.53105343,"remaining_time":1.00633188},
{"learn":[0.6799632994],"iteration":951,"passed_time":19.55123694,"remaining_time":0.9857766523},
{"learn":[0.6798418078],"iteration":952,"passed_time":19.57145565,"remaining_time":0.9652239409},
{"learn":[0.6797519695],"iteration":953,"passed_time":19.59098747,"remaining_time":0.9446388088},
{"learn":[0.6796605619],"iteration":954,"passed_time":19.61088105,"remaining_time":0.924072929},
{"learn":[0.679486175],"iteration":955,"passed_time":19.63107118,"remaining_time":0.9035221045},
{"learn":[0.679336327],"iteration":956,"passed_time":19.65107064,"remaining_time":0.8829634664},
{"learn":[0.6792821009],"iteration":957,"passed_time":19.67127335,"remaining_time":0.8624149068},
{"learn":[0.679175775],"iteration":958,"passed_time":19.69082683,"remaining_time":0.841839312},
{"learn":[0.6790945349],"iteration":959,"passed_time":19.71051116,"remaining_time":0.8212712982},
{"learn":[0.6789528651],"iteration":960,"passed_time":19.73053812,"remaining_time":0.8007190286},
{"learn":[0.6788675482],"iteration":961,"passed_time":19.7505752,"remaining_time":0.7801682511},
{"learn":[0.6787460696],"iteration":962,"passed_time":19.76988976,"remaining_time":0.7595907799},
{"learn":[0.6786357045],"iteration":963,"passed_time":19.79082033,"remaining_time":0.7390762779},
{"learn":[0.6784792327],"iteration":964,"passed_time":19.81089858,"remaining_time":0.7185300004},
{"learn":[0.6783317636],"iteration":965,"passed_time":19.83118238,"remaining_time":0.6979919265},
{"learn":[0.6782207521],"iteration":966,"passed_time":19.85095246,"remaining_time":0.6774368471},
{"learn":[0.6780956392],"iteration":967,"passed_time":19.87063682,"remaining_time":0.6568805561},
{"learn":[0.6779874425],"iteration":968,"passed_time":19.89154039,"remaining_time":0.6363650693},
{"learn":[0.6778693398],"iteration":969,"passed_time":19.91266889,"remaining_time":0.6158557388},
{"learn":[0.6777403142],"iteration":970,"passed_time":19.93292315,"remaining_time":0.5953190229},
{"learn":[0.6776324719],"iteration":971,"passed_time":19.95423652,"remaining_time":0.5748133978},
{"learn":[0.6774936514],"iteration":972,"passed_time":19.97680844,"remaining_time":0.5543410359},
{"learn":[0.6774219726],"iteration":973,"passed_time":19.99835724,"remaining_time":0.5338370516},
{"learn":[0.6773231276],"iteration":974,"passed_time":20.01892701,"remaining_time":0.5133058208},
{"learn":[0.6772057232],"iteration":975,"passed_time":20.0389878,"remaining_time":0.4927619951},
{"learn":[0.6770083609],"iteration":976,"passed_time":20.05926419,"remaining_time":0.4722242336},
{"learn":[0.6769402544],"iteration":977,"passed_time":20.08093762,"remaining_time":0.4517184331},
{"learn":[0.6768320983],"iteration":978,"passed_time":20.10311031,"remaining_time":0.4312209566},
{"learn":[0.6767026191],"iteration":979,"passed_time":20.12409097,"remaining_time":0.4106957341},
{"learn":[0.676587757],"iteration":980,"passed_time":20.14516705,"remaining_time":0.3901714311},
{"learn":[0.6764880671],"iteration":981,"passed_time":20.16595824,"remaining_time":0.3696407824},
{"learn":[0.6763874613],"iteration":982,"passed_time":20.18772392,"remaining_time":0.3491264564},
{"learn":[0.6762599431],"iteration":983,"passed_time":20.20793797,"remaining_time":0.3285843572},
{"learn":[0.6761487967],"iteration":984,"passed_time":20.22871329,"remaining_time":0.3080514714},
{"learn":[0.6760037374],"iteration":985,"passed_time":20.24921868,"remaining_time":0.2875142611},
{"learn":[0.6758554709],"iteration":986,"passed_time":20.26963394,"remaining_time":0.2669759283},
{"learn":[0.6756897013],"iteration":987,"passed_time":20.28948718,"remaining_time":0.2464310184},
{"learn":[0.6755612712],"iteration":988,"passed_time":20.31052714,"remaining_time":0.2259007063},
{"learn":[0.6754438764],"iteration":989,"passed_time":20.33159838,"remaining_time":0.2053696806},
{"learn":[0.6753697232],"iteration":990,"passed_time":20.35294701,"remaining_time":0.1848400838},
{"learn":[0.6752311219],"iteration":991,"passed_time":20.37268366,"remaining_time":0.164295836},
{"learn":[0.6751555779],"iteration":992,"passed_time":20.39280579,"remaining_time":0.1437559321},
{"learn":[0.6750384769],"iteration":993,"passed_time":20.41294221,"remaining_time":0.123216955},
{"learn":[0.6749179467],"iteration":994,"passed_time":20.43387224,"remaining_time":0.1026827751},
{"learn":[0.6747865548],"iteration":995,"passed_time":20.45437284,"remaining_time":0.08214607567},
{"learn":[0.6746625795],"iteration":996,"passed_time":20.4744973,"remaining_time":0.06160831686},
{"learn":[0.6745275231],"iteration":997,"passed_time":20.49492998,"remaining_time":0.04107200397},
{"learn":[0.6744056323],"iteration":998,"passed_time":20.51595777,"remaining_time":0.02053649426},
{"learn":[0.6742482679],"iteration":999,"passed_time":20.53607815,"remaining_time":0}
]}